month,T,D,regime,settlement_lag,D_offset_sessions,D_weekday,event_net3,event_gross3,event_pressure1,vol_quintile,baseline_n,baseline_net3,baseline_pressure1,excess_net3,pressure_excess1,subperiod
1995-06,1995-06-30,1995-06-27,T+3,3,3,1,0.0018776771569206652,0.002880306743587413,-0.0020128849202836196,4,99,-0.0005342627483716029,-5.734554632792331e-05,0.0024119399052922683,-0.0019555393739556963,TRAIN_T3_1995_2006
1995-07,1995-07-31,1995-07-26,T+3,3,3,2,-0.0015547277002629922,-0.0005555330944743142,-0.0008337690189733626,3,95,-0.0002658343974212543,-0.001117103481100037,-0.001288893302841738,0.00028333446212667427,TRAIN_T3_1995_2006
1995-08,1995-08-31,1995-08-28,T+3,3,3,0,0.0045646607116307525,0.00556997929843428,-0.003607669227525756,1,120,3.082813306273062e-05,0.0015245517484402957,0.004533832578568022,-0.005132220975966052,TRAIN_T3_1995_2006
1995-09,1995-09-29,1995-09-26,T+3,3,3,1,0.003828104327639803,0.004832685805273407,-0.0002685533630968351,1,116,-0.00018599221848358634,0.0003371774255264922,0.0040140965461233896,-0.0006057307886233273,TRAIN_T3_1995_2006
1995-10,1995-10-31,1995-10-26,T+3,3,3,3,0.008730931740950076,0.009740419725570604,-0.009115768143715952,2,101,-0.001341597724137164,-0.0008053452467160449,0.01007252946508724,-0.008310422896999908,TRAIN_T3_1995_2006
1995-11,1995-11-30,1995-11-27,T+3,3,3,0,0.008312785587539562,0.00932185511218786,0.00025894750522059695,3,95,-0.0017216068130454871,1.842343243715408e-05,0.010034392400585049,0.00024052407278344286,TRAIN_T3_1995_2006
1995-12,1995-12-29,1995-12-26,T+3,3,3,1,-0.0012536321922929083,-0.00025413626502401865,0.0048506361067004455,5,95,-0.001259957156321392,0.0031192291706884008,6.324964028483603e-06,0.0017314069360120448,TRAIN_T3_1995_2006
1996-01,1996-01-31,1996-01-26,T+3,3,3,4,0.02207566960291274,0.0230985123406251,0.008609460526319834,5,115,0.0005149011229827708,-0.001007285307201423,0.02156076847992997,0.009616745833521257,TRAIN_T3_1995_2006
1996-02,1996-02-29,1996-02-26,T+3,3,3,0,-0.018290011739956258,-0.0173075649780432,-0.01421758384993188,5,109,0.001115596422406744,0.002234115085830844,-0.019405608162363003,-0.016451698935762725,TRAIN_T3_1995_2006
1996-03,1996-03-29,1996-03-26,T+3,3,3,1,-0.011033347198266763,-0.010043638325683002,0.004805389217107159,5,95,-0.001259957156321392,0.0031192291706884008,-0.00977339004194537,0.001686160046418758,TRAIN_T3_1995_2006
1996-04,1996-04-30,1996-04-25,T+3,3,3,3,0.0004345376142400603,0.0014357229782875347,0.004567419923692917,5,120,0.0036169382483895395,0.0024418929515034058,-0.003182400634149479,0.002125526972189511,TRAIN_T3_1995_2006
1996-05,1996-05-31,1996-05-28,T+3,3,3,1,-0.010020798821814392,-0.009030076640936358,-0.010085080252967726,3,91,-0.0017106809985851545,0.0013570524145303717,-0.008310117823229237,-0.011442132667498097,TRAIN_T3_1995_2006
1996-06,1996-06-28,1996-06-25,T+3,3,3,1,0.002735192491968963,0.003738680237536318,-0.0011673746364880833,2,87,-0.0017384451731699729,-1.0933228852706588e-05,0.004473637665138936,-0.0011564414076353766,TRAIN_T3_1995_2006
1996-07,1996-07-31,1996-07-26,T+3,3,3,4,0.00487975672073282,0.005885390640025134,0.005423484452232952,5,115,0.0005149011229827708,-0.001007285307201423,0.004364855597750049,0.006430769759434375,TRAIN_T3_1995_2006
1996-08,1996-08-30,1996-08-27,T+3,3,3,1,-0.022737453985897105,-0.02175945800403678,0.003757505859994348,4,99,-0.0005342627483716029,-5.734554632792331e-05,-0.022203191237525503,0.003814851406322271,TRAIN_T3_1995_2006
1996-09,1996-09-30,1996-09-25,T+3,3,3,2,-0.0014541936344821815,-0.0004548984191768968,0.0006831855498867778,3,95,-0.0002658343974212543,-0.001117103481100037,-0.0011883592370609273,0.0018002890309868147,TRAIN_T3_1995_2006
1996-10,1996-10-31,1996-10-28,T+3,3,3,0,0.013303121434991683,0.01431718504073598,-0.006666280341805053,2,85,-0.0008408991506700452,0.0006795129799215182,0.014144020585661728,-0.007345793321726571,TRAIN_T3_1995_2006
1996-11,1996-11-29,1996-11-25,T+3,3,3,0,-0.002434836697086218,-0.0014365228608164138,0.01267928360440207,2,85,-0.0008408991506700452,0.0006795129799215182,-0.0015939375464161726,0.01199977062448055,TRAIN_T3_1995_2006
1996-12,1996-12-31,1996-12-26,T+3,3,3,3,-0.02654079166557799,-0.025566601875803507,0.00768735426426681,5,120,0.0036169382483895395,0.0024418929515034058,-0.030157729913967528,0.0052454613127634045,TRAIN_T3_1995_2006
1997-01,1997-01-31,1997-01-28,T+3,3,3,1,0.020558450423203478,0.021579774803062612,0.002858161230538947,4,99,-0.0005342627483716029,-5.734554632792331e-05,0.02109271317157508,0.0029155067768668703,TRAIN_T3_1995_2006
1997-02,1997-02-28,1997-02-25,T+3,3,3,1,-0.028424687847014685,-0.02745238336728628,0.0007689650811364412,4,99,-0.0005342627483716029,-5.734554632792331e-05,-0.027890425098643083,0.0008263106274643646,TRAIN_T3_1995_2006
1997-03,1997-03-31,1997-03-25,T+3,3,3,1,-0.04381321592457954,-0.04285631152202385,-0.0098237584215225,4,99,-0.0005342627483716029,-5.734554632792331e-05,-0.04327895317620794,-0.009766412875194577,TRAIN_T3_1995_2006
1997-04,1997-04-30,1997-04-25,T+3,3,3,4,0.04550318533528275,0.046549473171085376,-0.01150319520953702,5,115,0.0005149011229827708,-0.001007285307201423,0.04498828421229998,-0.010495909902335598,TRAIN_T3_1995_2006
1997-05,1997-05-30,1997-05-27,T+3,3,3,1,-0.0006321067617928167,0.00036801115736162515,0.004053796833442869,5,95,-0.001259957156321392,0.0031192291706884008,0.0006278503945285753,0.0009345676627544679,TRAIN_T3_1995_2006
1997-06,1997-06-30,1997-06-25,T+3,3,3,2,-0.008717325323289282,-0.007725298690655413,-0.006972827946390758,4,112,-0.0010029146989570575,0.0011435719909439587,-0.0077144106243322245,-0.008116399937334717,TRAIN_T3_1995_2006
1997-07,1997-07-31,1997-07-28,T+3,3,3,0,0.013286494845895724,0.014300541812572787,-0.0006645281769589451,4,101,-0.00020082886613255563,-0.0006381527317188354,0.01348732371202828,-2.6375445240109678e-05,TRAIN_T3_1995_2006
1997-08,1997-08-29,1997-08-26,T+3,3,3,1,-0.006324857147509966,-0.005330436251152149,-0.01474077131403051,5,95,-0.001259957156321392,0.0031192291706884008,-0.005064899991188573,-0.01786000048471891,TRAIN_T3_1995_2006
1997-09,1997-09-30,1997-09-25,T+3,3,3,3,0.006331458661848144,0.007338545372584271,-0.006956609976405237,4,105,0.00017063319691098058,-0.00019843167754874248,0.006160825464937163,-0.006758178298856494,TRAIN_T3_1995_2006
1997-10,1997-10-31,1997-10-28,T+3,3,3,1,-0.002692504025504472,-0.0016944480499425651,0.05770663483040228,5,95,-0.001259957156321392,0.0031192291706884008,-0.00143254686918308,0.05458740565971388,TRAIN_T3_1995_2006
1997-11,1997-11-28,1997-11-24,T+3,3,3,0,0.005571777204849804,0.006578103663987811,-0.01808739855361763,5,109,0.001115596422406744,0.002234115085830844,0.00445618078244306,-0.020321513639448473,TRAIN_T3_1995_2006
1997-12,1997-12-31,1997-12-26,T+3,3,3,4,0.033952912633472776,0.03498764152809031,0.004014834316086402,2,91,-0.0010214910247561856,0.0011837001501341065,0.03497440365822896,0.002831134165952295,TRAIN_T3_1995_2006
1998-01,1998-01-30,1998-01-27,T+3,3,3,1,0.014151981909146905,0.01516689501243551,0.01010494296498643,4,99,-0.0005342627483716029,-5.734554632792331e-05,0.014686244657518508,0.010162288511314352,TRAIN_T3_1995_2006
1998-02,1998-02-27,1998-02-24,T+3,3,3,1,0.01714200481912287,0.018159910189334605,-0.007808122214880475,1,116,-0.00018599221848358634,0.0003371774255264922,0.017327997037606454,-0.008145299640406967,TRAIN_T3_1995_2006
1998-03,1998-03-31,1998-03-26,T+3,3,3,3,-0.0024176106394860897,-0.0014192795642306022,-0.0005672088145199927,1,141,0.001158430374536921,0.0004243294956766647,-0.0035760410140230105,-0.0009915383101966573,TRAIN_T3_1995_2006
1998-04,1998-04-30,1998-04-27,T+3,3,3,0,0.023121443475863757,0.024145332772302686,-0.018895255342625705,1,120,3.082813306273062e-05,0.0015245517484402957,0.023090615342801026,-0.020419807091066,TRAIN_T3_1995_2006
1998-05,1998-05-29,1998-05-26,T+3,3,3,1,-0.0049927441998561806,-0.003996990190799576,-0.016011221890527394,2,87,-0.0017384451731699729,-1.0933228852706588e-05,-0.0032542990266862075,-0.01600028866167469,TRAIN_T3_1995_2006
1998-06,1998-06-30,1998-06-25,T+3,3,3,3,-0.0001722227191287562,0.000828355429211447,-0.0016533145868592447,4,105,0.00017063319691098058,-0.00019843167754874248,-0.0003428559160397368,-0.0014548829093105021,TRAIN_T3_1995_2006
1998-07,1998-07-31,1998-07-28,T+3,3,3,1,-0.011500966902335596,-0.01051172600040462,-0.016861836976693856,2,87,-0.0017384451731699729,-1.0933228852706588e-05,-0.009762521729165623,-0.01685090374784115,TRAIN_T3_1995_2006
1998-08,1998-08-31,1998-08-26,T+3,3,3,2,-0.11913651902835243,-0.11825499445906296,-0.005707946576542278,5,111,0.004657317944782787,-0.0021343802094162803,-0.12379383697313522,-0.0035735663671259974,TRAIN_T3_1995_2006
1998-09,1998-09-30,1998-09-25,T+3,3,3,4,-0.02495655525542495,-0.023980780040270377,-0.0011979110026009154,5,115,0.0005149011229827708,-0.001007285307201423,-0.025471456378407722,-0.00019062569539949237,TRAIN_T3_1995_2006
1998-10,1998-10-30,1998-10-27,T+3,3,3,1,0.027009849061456093,0.02803762968173018,-0.00580822361471145,4,99,-0.0005342627483716029,-5.734554632792331e-05,0.027544111809827694,-0.005750878068383526,TRAIN_T3_1995_2006
1998-11,1998-11-30,1998-11-24,T+3,3,3,1,-0.022053364564083244,-0.02107468397939183,-0.00628308537920208,2,87,-0.0017384451731699729,-1.0933228852706588e-05,-0.02031491939091327,-0.006272152150349374,TRAIN_T3_1995_2006
1998-12,1998-12-31,1998-12-28,T+3,3,3,0,0.006653600288794026,0.007661009382924355,-0.0025474326468380992,4,101,-0.00020082886613255563,-0.0006381527317188354,0.0068544291549265815,-0.0019092799151192638,TRAIN_T3_1995_2006
1999-01,1999-01-29,1999-01-26,T+3,3,3,1,0.01163039155063239,0.012642781171108064,0.01817260743610638,4,99,-0.0005342627483716029,-5.734554632792331e-05,0.012164654299003994,0.018229952982434305,TRAIN_T3_1995_2006
1999-02,1999-02-26,1999-02-23,T+3,3,3,1,-0.031850861406066744,-0.030881985671241674,-0.000489861084487675,3,91,-0.0017106809985851545,0.0013570524145303717,-0.03014018040748159,-0.0018469134990180467,TRAIN_T3_1995_2006
1999-03,1999-03-31,1999-03-26,T+3,3,3,4,-0.0024569360379151917,-0.0014586443175718111,-0.007239000392599615,3,105,0.0004960059199760841,0.0014405668908115915,-0.0029529419578912756,-0.008679567283411207,TRAIN_T3_1995_2006
1999-04,1999-04-30,1999-04-27,T+3,3,3,1,-0.03011448609270473,-0.029143872679416094,0.0048048601646664135,3,91,-0.0017106809985851545,0.0013570524145303717,-0.028403805094119574,0.0034478077501360416,TRAIN_T3_1995_2006
1999-05,1999-05-28,1999-05-25,T+3,3,3,1,0.008317603226279946,0.009326677572182529,-0.016205806420487856,1,116,-0.00018599221848358634,0.0003371774255264922,0.008503595444763533,-0.01654298384601435,TRAIN_T3_1995_2006
1999-06,1999-06-30,1999-06-25,T+3,3,3,4,0.0391779991847947,0.04021795708739262,-0.0024850772227988926,1,138,0.0006105180373544765,0.0005362291679225679,0.03856748114744022,-0.0030213063907214605,TRAIN_T3_1995_2006
1999-07,1999-07-30,1999-07-27,T+3,3,3,1,-0.02397565918030753,-0.022998902332915017,0.008348905311415633,1,116,-0.00018599221848358634,0.0003371774255264922,-0.023789666961823944,0.008011727885889141,TRAIN_T3_1995_2006
1999-08,1999-08-31,1999-08-26,T+3,3,3,3,-0.035022909848520634,-0.0340572085427614,-0.011968723514098278,2,101,-0.001341597724137164,-0.0008053452467160449,-0.03368131212438347,-0.011163378267382234,TRAIN_T3_1995_2006
1999-09,1999-09-30,1999-09-27,T+3,3,3,0,0.00021392477408044286,0.0012148893597176968,0.006604959715588388,3,95,-0.0017216068130454871,1.842343243715408e-05,0.00193553158712593,0.006586536283151234,TRAIN_T3_1995_2006
1999-10,1999-10-29,1999-10-26,T+3,3,3,1,0.07081172773856514,0.0718833431108401,-0.0125543659051226,4,99,-0.0005342627483716029,-5.734554632792331e-05,0.07134599048693675,-0.012497020358794677,TRAIN_T3_1995_2006
1999-11,1999-11-30,1999-11-24,T+3,3,3,2,-0.019911679441949492,-0.018930855564800564,0.005310705239093494,1,133,0.000934765660872042,0.00027535647327445786,-0.020846445102821534,0.005035348765819036,TRAIN_T3_1995_2006
1999-12,1999-12-31,1999-12-28,T+3,3,3,1,0.0036985541793566057,0.0047030060096144854,-0.0006405782142494543,1,116,-0.00018599221848358634,0.0003371774255264922,0.0038845463978401922,-0.0009777556397759465,TRAIN_T3_1995_2006
2000-01,2000-01-31,2000-01-26,T+3,3,3,2,-0.009867442621433797,-0.008876566969261424,-0.007926310048643748,5,111,0.004657317944782787,-0.0021343802094162803,-0.014524760566216585,-0.005791929839227467,TRAIN_T3_1995_2006
2000-02,2000-02-29,2000-02-24,T+3,3,3,3,0.026063871960854135,0.027090705894071476,-0.02013772658361168,5,120,0.0036169382483895395,0.0024418929515034058,0.022446933712464597,-0.022579619535115086,TRAIN_T3_1995_2006
2000-03,2000-03-31,2000-03-28,T+3,3,3,1,-0.005547062981088535,-0.004551863706829584,-0.005759188021158157,5,95,-0.001259957156321392,0.0031192291706884008,-0.004287105824767143,-0.008878417191846557,TRAIN_T3_1995_2006
2000-04,2000-04-28,2000-04-25,T+3,3,3,1,-0.02164995340567677,-0.020670869107066725,0.041521127266860525,5,95,-0.001259957156321392,0.0031192291706884008,-0.020389996249355377,0.03840189809617212,TRAIN_T3_1995_2006
2000-05,2000-05-31,2000-05-25,T+3,3,3,3,0.035010364002471484,0.036046151142075544,-0.017156890404763425,4,105,0.00017063319691098058,-0.00019843167754874248,0.0348397308055605,-0.016958458727214683,TRAIN_T3_1995_2006
2000-06,2000-06-30,2000-06-27,T+3,3,3,1,-0.000139651373146088,0.0008609593709849594,-0.007372388995746548,2,87,-0.0017384451731699729,-1.0933228852706588e-05,0.0015987938000238849,-0.007361455766893842,TRAIN_T3_1995_2006
2000-07,2000-07-31,2000-07-26,T+3,3,3,2,-0.02068863408323529,-0.01970858774383233,-0.009758542589743513,1,133,0.000934765660872042,0.00027535647327445786,-0.021623399744107333,-0.010033899063017972,TRAIN_T3_1995_2006
2000-08,2000-08-31,2000-08-28,T+3,3,3,0,0.0028057969550048245,0.003809355358023847,0.003409488151956408,1,120,3.082813306273062e-05,0.0015245517484402957,0.002774968821942094,0.0018849364035161123,TRAIN_T3_1995_2006
2000-09,2000-09-29,2000-09-26,T+3,3,3,1,0.00755004631440892,0.008558352527348045,-0.012781875252344532,2,87,-0.0017384451731699729,-1.0933228852706588e-05,0.009288491487578893,-0.012770942023491825,TRAIN_T3_1995_2006
2000-10,2000-10-31,2000-10-26,T+3,3,3,3,0.04479439539063845,0.045839973904549414,0.0027505809853489716,5,120,0.0036169382483895395,0.0024418929515034058,0.041177457142248915,0.0003086880338455658,TRAIN_T3_1995_2006
2000-11,2000-11-30,2000-11-27,T+3,3,3,0,-0.028539766463035576,-0.027567577148289724,0.008806604580552158,3,95,-0.0017216068130454871,1.842343243715408e-05,-0.02681815964999009,0.008788181148115004,TRAIN_T3_1995_2006
2000-12,2000-12-29,2000-12-26,T+3,3,3,1,-0.009727718761550985,-0.00873670328065601,0.010739531288586068,5,95,-0.001259957156321392,0.0031192291706884008,-0.008467761605229593,0.007620302117897668,TRAIN_T3_1995_2006
2001-01,2001-01-31,2001-01-26,T+3,3,3,4,0.007418883732930537,0.008427058684850497,-0.0011480269236243679,4,101,-0.0023721001371991277,0.0009334453047029007,0.009790983870129664,-0.0020814722283272686,TRAIN_T3_1995_2006
2001-02,2001-02-28,2001-02-23,T+3,3,3,4,-0.009074235607619996,-0.008082566153131743,-0.006756036691455525,2,91,-0.0010214910247561856,0.0011837001501341065,-0.00805274458286381,-0.00793973684158963,TRAIN_T3_1995_2006
2001-03,2001-03-30,2001-03-27,T+3,3,3,1,-0.014678411795704172,-0.013692350723339963,0.02044129108381454,5,95,-0.001259957156321392,0.0031192291706884008,-0.01341845463938278,0.017322061913126137,TRAIN_T3_1995_2006
2001-04,2001-04-30,2001-04-25,T+3,3,3,2,0.027306279244414977,0.028334356517343062,0.013077861080596609,5,111,0.004657317944782787,-0.0021343802094162803,0.02264896129963219,0.01521224129001289,TRAIN_T3_1995_2006
2001-05,2001-05-31,2001-05-25,T+3,3,3,4,-0.0177667972888369,-0.01678382691980007,-0.011802848410961353,2,91,-0.0010214910247561856,0.0011837001501341065,-0.016745306264080714,-0.012986548561095459,TRAIN_T3_1995_2006
2001-06,2001-06-29,2001-06-26,T+3,3,3,1,0.007630355786249821,0.008638742368932917,-0.0013966268185903186,1,116,-0.00018599221848358634,0.0003371774255264922,0.007816348004733407,-0.0017338042441168108,TRAIN_T3_1995_2006
2001-07,2001-07-31,2001-07-26,T+3,3,3,3,0.007301210043503703,0.008309267233420181,0.010495138819688776,3,99,0.002777214200624726,-0.0007498300810420458,0.004523995842878977,0.011244968900730823,TRAIN_T3_1995_2006
2001-08,2001-08-31,2001-08-28,T+3,3,3,1,-0.021823329371967737,-0.020844418579442636,-0.014622037776829688,2,87,-0.0017384451731699729,-1.0933228852706588e-05,-0.020084884198797764,-0.014611104547976981,TRAIN_T3_1995_2006
2001-09,2001-09-28,2001-09-25,T+3,3,3,1,0.025411850558766824,0.02643803198123984,0.010426447576659559,5,95,-0.001259957156321392,0.0031192291706884008,0.026671807715088217,0.0073072184059711585,TRAIN_T3_1995_2006
2001-10,2001-10-31,2001-10-26,T+3,3,3,4,-0.04193004943684431,-0.04097126045448385,-0.0022614250181317574,2,91,-0.0010214910247561856,0.0011837001501341065,-0.040908558412088125,-0.003445125168265864,TRAIN_T3_1995_2006
2001-11,2001-11-30,2001-11-27,T+3,3,3,1,-0.012943116539632094,-0.01195531886967216,-0.0043129104258673445,3,91,-0.0017106809985851545,0.0013570524145303717,-0.011232435541046939,-0.0056699628403977164,TRAIN_T3_1995_2006
2001-12,2001-12-31,2001-12-26,T+3,3,3,2,-0.010178675447575669,-0.00918811126180985,0.005491016844884067,2,100,-0.0019466999123373375,-0.00017337771385832256,-0.008231975535238332,0.00566439455874239,TRAIN_T3_1995_2006
2002-01,2002-01-31,2002-01-28,T+3,3,3,0,-0.006965428366508708,-0.005971648522118844,0.0027297681797677775,1,120,3.082813306273062e-05,0.0015245517484402957,-0.006996256499571438,0.0012052164313274818,TRAIN_T3_1995_2006
2002-02,2002-02-28,2002-02-25,T+3,3,3,0,-0.0036889089216450843,-0.0026918500987814786,0.016508892641942774,4,101,-0.00020082886613255563,-0.0006381527317188354,-0.0034880800555125288,0.017147045373661608,TRAIN_T3_1995_2006
2002-03,2002-03-28,2002-03-25,T+3,3,3,0,0.007002379546519721,0.008010137681666807,-0.012431149688810317,1,120,3.082813306273062e-05,0.0015245517484402957,0.006971551413456991,-0.013955701437250612,TRAIN_T3_1995_2006
2002-04,2002-04-30,2002-04-25,T+3,3,3,3,-0.015691930823305777,-0.014706884030615486,0.0005480373426254292,2,101,-0.001341597724137164,-0.0008053452467160449,-0.014350333099168614,0.0013533825893414743,TRAIN_T3_1995_2006
2002-05,2002-05-31,2002-05-28,T+3,3,3,1,-0.009132034009057821,-0.008140422396348712,-0.005428597719299599,5,95,-0.001259957156321392,0.0031192291706884008,-0.007872076852736429,-0.008547826889988,TRAIN_T3_1995_2006
2002-06,2002-06-28,2002-06-25,T+3,3,3,1,0.013335902434672642,0.01434999884601873,-0.022444877548080888,4,99,-0.0005342627483716029,-5.734554632792331e-05,0.013870165183044245,-0.022387532001752964,TRAIN_T3_1995_2006
2002-07,2002-07-31,2002-07-26,T+3,3,3,4,0.06388891285836107,0.06495360022018093,0.019047242160459943,5,115,0.0005149011229827708,-0.001007285307201423,0.0633740117353783,0.020054527467661367,TRAIN_T3_1995_2006
2002-08,2002-08-30,2002-08-27,T+3,3,3,1,-0.026250467919801568,-0.025275987588393223,-0.011547545226822886,5,95,-0.001259957156321392,0.0031192291706884008,-0.024990510763480175,-0.014666774397511287,TRAIN_T3_1995_2006
2002-09,2002-09-30,2002-09-25,T+3,3,3,2,-0.03131854022600755,-0.030349131770495252,0.0247839620884982,3,95,-0.0002658343974212543,-0.001117103481100037,-0.031052705828586297,0.025901065569598238,TRAIN_T3_1995_2006
2002-10,2002-10-31,2002-10-28,T+3,3,3,0,-0.013151293945585119,-0.012163704609268411,-0.0065401840865134675,5,109,0.001115596422406744,0.002234115085830844,-0.014266890367991863,-0.008774299172344312,TRAIN_T3_1995_2006
2002-11,2002-11-29,2002-11-25,T+3,3,3,0,0.0043435845264168105,0.005348681871117256,0.0006418623036448246,3,95,-0.0017216068130454871,1.842343243715408e-05,0.006065191339462298,0.0006234388712076705,TRAIN_T3_1995_2006
2002-12,2002-12-31,2002-12-26,T+3,3,3,3,-0.01396430089828149,-0.012977525179079463,0.00044786213335834546,3,99,0.002777214200624726,-0.0007498300810420458,-0.016741515098906215,0.0011976922144003913,TRAIN_T3_1995_2006
2003-01,2003-01-31,2003-01-28,T+3,3,3,1,0.0016768337188770577,0.002679262311372721,0.007395088460784738,3,91,-0.0017106809985851545,0.0013570524145303717,0.0033875147174622124,0.006038036046254366,TRAIN_T3_1995_2006
2003-02,2003-02-28,2003-02-25,T+3,3,3,1,0.004085962870016502,0.005090802399715377,0.007994750815754514,2,87,-0.0017384451731699729,-1.0933228852706588e-05,0.005824408043186475,0.008005684044607221,TRAIN_T3_1995_2006
2003-03,2003-03-31,2003-03-26,T+3,3,3,2,-0.027844751985623417,-0.026871867134791616,-0.005027730912351869,4,112,-0.0010029146989570575,0.0011435719909439587,-0.02684183728666636,-0.006171302903295827,TRAIN_T3_1995_2006
2003-04,2003-04-30,2003-04-25,T+3,3,3,4,0.017601173952376037,0.0186195388363275,-0.01236902590057376,1,138,0.0006105180373544765,0.0005362291679225679,0.01699065591502156,-0.012905255068496328,TRAIN_T3_1995_2006
2003-05,2003-05-30,2003-05-27,T+3,3,3,1,0.0152316495762157,0.0162476431574623,0.017491756027937955,1,116,-0.00018599221848358634,0.0003371774255264922,0.015417641794699287,0.01715457860241146,TRAIN_T3_1995_2006
2003-06,2003-06-30,2003-06-25,T+3,3,3,2,2.4731979214598354e-05,0.0010255072300677792,-0.010048487756962543,1,133,0.000934765660872042,0.00027535647327445786,-0.0009100336816574437,-0.010323844230237002,TRAIN_T3_1995_2006
2003-07,2003-07-31,2003-07-28,T+3,3,3,0,-0.005701401551616914,-0.0047063567317596755,-0.0036915077304637833,1,120,3.082813306273062e-05,0.0015245517484402957,-0.005732229684679644,-0.005216059478904079,TRAIN_T3_1995_2006
2003-08,2003-08-29,2003-08-26,T+3,3,3,1,0.012272288450914326,0.013285320450034055,0.0018009858727483508,1,116,-0.00018599221848358634,0.0003371774255264922,0.012458280669397912,0.0014638084472218585,TRAIN_T3_1995_2006
2003-09,2003-09-30,2003-09-25,T+3,3,3,3,-0.004287297042054328,-0.003290837056401652,-0.008209087574964968,1,141,0.001158430374536921,0.0004243294956766647,-0.0054457274165912485,-0.008633417070641632,TRAIN_T3_1995_2006
2003-10,2003-10-31,2003-10-28,T+3,3,3,1,0.001472977266727904,0.00247520184977712,0.013606485973351345,1,116,-0.00018599221848358634,0.0003371774255264922,0.0016589694852114903,0.013269308547824854,TRAIN_T3_1995_2006
2003-11,2003-11-28,2003-11-24,T+3,3,3,0,0.007136932935635221,0.008144825725153737,0.013241953699104414,1,120,3.082813306273062e-05,0.0015245517484402957,0.0071061048025724905,0.01171740195066412,TRAIN_T3_1995_2006
2003-12,2003-12-31,2003-12-26,T+3,3,3,4,0.013388145917756278,0.01440229461179432,0.0007300773093701363,1,138,0.0006105180373544765,0.0005362291679225679,0.012777627880401802,0.00019384814144756833,TRAIN_T3_1995_2006
2004-01,2004-01-30,2004-01-27,T+3,3,3,1,-0.01145312273221799,-0.010463833950209889,-0.01027003288488193,1,116,-0.00018599221848358634,0.0003371774255264922,-0.011267130513734404,-0.010607210310408422,TRAIN_T3_1995_2006
2004-02,2004-02-27,2004-02-24,T+3,3,3,1,0.004502438994036684,0.0055076953124251204,-0.0017453254351972314,2,87,-0.0017384451731699729,-1.0933228852706588e-05,0.006240884167206657,-0.0017343922063445248,TRAIN_T3_1995_2006
2004-03,2004-03-31,2004-03-26,T+3,3,3,4,0.017625684358578697,0.01864407377133137,0.0002698455201806116,4,101,-0.0023721001371991277,0.0009334453047029007,0.019997784495777826,-0.0006635997845222891,TRAIN_T3_1995_2006
2004-04,2004-04-30,2004-04-27,T+3,3,3,1,-0.030191450331793157,-0.0292209139405053,0.0008757591323693692,3,91,-0.0017106809985851545,0.0013570524145303717,-0.028480769333208002,-0.0004812932821610025,TRAIN_T3_1995_2006
2004-05,2004-05-28,2004-05-25,T+3,3,3,1,0.008020701504143135,0.009029478725498752,0.014329056991250866,3,91,-0.0017106809985851545,0.0013570524145303717,0.00973138250272829,0.012972004576720495,TRAIN_T3_1995_2006
2004-06,2004-06-30,2004-06-25,T+3,3,3,4,0.005055026942566432,0.00606083626362075,-0.004808229799574182,2,91,-0.0010214910247561856,0.0011837001501341065,0.006076517967322618,-0.005991929949708289,TRAIN_T3_1995_2006
2004-07,2004-07-30,2004-07-27,T+3,3,3,1,0.008738158721512068,0.009747653938537049,0.009379240459763238,3,91,-0.0017106809985851545,0.0013570524145303717,0.010448839720097223,0.008022188045232867,TRAIN_T3_1995_2006
2004-08,2004-08-31,2004-08-26,T+3,3,3,3,-0.0009102300780923223,8.960950901415465e-05,0.0,4,105,0.00017063319691098058,-0.00019843167754874248,-0.0010808632750033027,0.00019843167754874248,TRAIN_T3_1995_2006
2004-09,2004-09-30,2004-09-27,T+3,3,3,0,0.008110732636586127,0.009119599956642688,-0.006370057930112916,2,85,-0.0008408991506700452,0.0006795129799215182,0.008951631787256172,-0.007049570910034434,TRAIN_T3_1995_2006
2004-10,2004-10-29,2004-10-26,T+3,3,3,1,0.013867327453689349,0.01488195568888906,0.015292101990043383,4,99,-0.0005342627483716029,-5.734554632792331e-05,0.014401590202060952,0.015349447536371305,TRAIN_T3_1995_2006
2004-11,2004-11-30,2004-11-24,T+3,3,3,2,-0.005638794516199197,-0.004643687042319877,0.002369898006390425,2,100,-0.0019466999123373375,-0.00017337771385832256,-0.0036920946038618598,0.0025432757202487476,TRAIN_T3_1995_2006
2004-12,2004-12-31,2004-12-28,T+3,3,3,1,-0.0035556988098728315,-0.0025585066769232556,0.005476464650986612,1,116,-0.00018599221848358634,0.0003371774255264922,-0.003369706591389245,0.00513928722546012,TRAIN_T3_1995_2006
2005-01,2005-01-31,2005-01-26,T+3,3,3,2,0.006925398243619041,0.007933079339688787,0.002994772410001012,2,100,-0.0019466999123373375,-0.00017337771385832256,0.008872098155956378,0.0031681501238593345,TRAIN_T3_1995_2006
2005-02,2005-02-28,2005-02-23,T+3,3,3,2,0.008869415442782191,0.009879042015036532,0.007166900179483182,2,100,-0.0019466999123373375,-0.00017337771385832256,0.010816115355119529,0.007340277893341505,TRAIN_T3_1995_2006
2005-03,2005-03-31,2005-03-28,T+3,3,3,0,0.004535978199982749,0.005541268082748241,0.0014510611203715218,2,85,-0.0008408991506700452,0.0006795129799215182,0.005376877350652794,0.0007715481404500036,TRAIN_T3_1995_2006
2005-04,2005-04-29,2005-04-26,T+3,3,3,1,0.0037695995863757936,0.004774122515360357,-0.00971347095038222,5,95,-0.001259957156321392,0.0031192291706884008,0.005029556742697186,-0.01283270012107062,TRAIN_T3_1995_2006
2005-05,2005-05-31,2005-05-25,T+3,3,3,2,-0.00041373740409966775,0.0005865990482987193,-0.0007530099849879512,4,112,-0.0010029146989570575,0.0011435719909439587,0.0005891772948573898,-0.00189658197593191,TRAIN_T3_1995_2006
2005-06,2005-06-30,2005-06-27,T+3,3,3,0,-0.0007476377522782629,0.0002523645491796511,0.0014285487456935364,1,120,3.082813306273062e-05,0.0015245517484402957,-0.0007784658853409935,-9.60030027467593e-05,TRAIN_T3_1995_2006
2005-07,2005-07-29,2005-07-26,T+3,3,3,1,0.0022397787709291794,0.003242770730967237,0.0012179765414230825,1,116,-0.00018599221848358634,0.0003371774255264922,0.002425770989412766,0.0008807991158965903,TRAIN_T3_1995_2006
2005-08,2005-08-31,2005-08-26,T+3,3,3,4,0.014056002156865421,0.015070819208368835,-0.006826001063741982,2,91,-0.0010214910247561856,0.0011837001501341065,0.015077493181621607,-0.008009701213876088,TRAIN_T3_1995_2006
2005-09,2005-09-30,2005-09-27,T+3,3,3,1,0.011246794683102967,0.012258800418821547,-0.0002471931512393333,3,91,-0.0017106809985851545,0.0013570524145303717,0.012957475681688122,-0.001604245565769705,TRAIN_T3_1995_2006
2005-10,2005-10-31,2005-10-26,T+3,3,3,2,0.005360541186723244,0.0063666562513102765,-0.0029233626489540976,5,111,0.004657317944782787,-0.0021343802094162803,0.0007032232419404575,-0.0007889824395378173,TRAIN_T3_1995_2006
2005-11,2005-11-30,2005-11-25,T+3,3,3,4,-0.014515373990767855,-0.013529149758238823,0.0007875095033991197,2,91,-0.0010214910247561856,0.0011837001501341065,-0.013493882966011669,-0.0003961906467349868,TRAIN_T3_1995_2006
2005-12,2005-12-30,2005-12-27,T+3,3,3,1,-0.00864307532216313,-0.007650974383803466,-0.010176857363459524,1,116,-0.00018599221848358634,0.0003371774255264922,-0.008457083103679543,-0.010514034788986016,TRAIN_T3_1995_2006
2006-01,2006-01-31,2006-01-26,T+3,3,3,3,9.864081457089391e-05,0.0010994900297278676,0.005526247521226324,4,105,0.00017063319691098058,-0.00019843167754874248,-7.199238234008667e-05,0.005724679198775067,TRAIN_T3_1995_2006
2006-02,2006-02-28,2006-02-23,T+3,3,3,3,-0.00757787927667819,-0.00658471234284308,-0.001470031468547739,3,99,0.002777214200624726,-0.0007498300810420458,-0.010355093477302915,-0.0007202013875056931,TRAIN_T3_1995_2006
2006-03,2006-03-31,2006-03-28,T+3,3,3,1,0.003715763237560621,0.004720232289792126,-0.006152924623046951,2,87,-0.0017384451731699729,-1.0933228852706588e-05,0.005454208410730594,-0.006141991394194245,TRAIN_T3_1995_2006
2006-04,2006-04-28,2006-04-25,T+3,3,3,1,0.007429694563475309,0.008437880334339454,-0.004125474772823434,2,87,-0.0017384451731699729,-1.0933228852706588e-05,0.009168139736645282,-0.004114541543970728,TRAIN_T3_1995_2006
2006-05,2006-05-31,2006-05-25,T+3,3,3,3,-0.0027203968113507226,-0.0017223687495081519,0.012364012003232672,5,120,0.0036169382483895395,0.0024418929515034058,-0.006337335059740263,0.009922119051729267,TRAIN_T3_1995_2006
2006-06,2006-06-30,2006-06-27,T+3,3,3,1,0.0261698753194346,0.02719681533556617,-0.008640304785173858,5,95,-0.001259957156321392,0.0031192291706884008,0.02742983247575599,-0.011759533955862258,TRAIN_T3_1995_2006
2006-07,2006-07-31,2006-07-26,T+3,3,3,2,0.007034801103420252,0.008042591684456646,0.0013415616478709147,5,111,0.004657317944782787,-0.0021343802094162803,0.002377483158637465,0.003475941857287195,TRAIN_T3_1995_2006
2006-08,2006-08-31,2006-08-28,T+3,3,3,0,0.0006091682483246874,0.001610528374066611,0.0047759533399849285,1,120,3.082813306273062e-05,0.0015245517484402957,0.0005783401152619568,0.003251401591544633,TRAIN_T3_1995_2006
2006-09,2006-09-29,2006-09-26,T+3,3,3,1,-0.000999749999999855,0.0,0.008303217691926656,1,116,-0.00018599221848358634,0.0003371774255264922,-0.0008137577815162686,0.007966040266400165,TRAIN_T3_1995_2006
2006-10,2006-10-31,2006-10-26,T+3,3,3,3,-0.00812633819145292,-0.007133720128151166,0.003108338040286762,1,141,0.001158430374536921,0.0004243294956766647,-0.00928476856598984,0.0026840085446100974,TRAIN_T3_1995_2006
2006-11,2006-11-30,2006-11-27,T+3,3,3,0,0.014228229013870664,0.015243218421487459,-0.013751876682314812,1,120,3.082813306273062e-05,0.0015245517484402957,0.014197400880807932,-0.015276428430755107,TRAIN_T3_1995_2006
2006-12,2006-12-29,2006-12-26,T+3,3,3,1,-0.0007177083483216329,0.00028232390500226856,0.005896708458457356,3,91,-0.0017106809985851545,0.0013570524145303717,0.0009929726502635216,0.004539656043926984,TRAIN_T3_1995_2006
2007-01,2007-01-31,2007-01-26,T+3,3,3,4,0.010385836192356779,0.011396980323435058,-0.0009135699344164916,3,105,0.0004960059199760841,0.0014405668908115915,0.009889830272380695,-0.002354136825228083,VALIDATION_T3_2007_2017
2007-02,2007-02-28,2007-02-23,T+3,3,3,4,-0.031045733576277934,-0.030076052109374474,-0.0039076630365230125,2,91,-0.0010214910247561856,0.0011837001501341065,-0.030024242551521748,-0.005091363186657119,VALIDATION_T3_2007_2017
2007-03,2007-03-30,2007-03-27,T+3,3,3,1,-0.007013867876497604,-0.0060201365079716185,-0.0023741468634729257,5,95,-0.001259957156321392,0.0031192291706884008,-0.005753910720176211,-0.005493376034161326,VALIDATION_T3_2007_2017
2007-04,2007-04-30,2007-04-25,T+3,3,3,2,-0.008952605929613222,-0.00796081475416388,0.009181513541792974,2,100,-0.0019466999123373375,-0.00017337771385832256,-0.007005906017275885,0.009354891255651296,VALIDATION_T3_2007_2017
2007-05,2007-05-31,2007-05-25,T+3,3,3,4,0.009735615237179474,0.01074610865931147,0.004170028778960111,3,105,0.0004960059199760841,0.0014405668908115915,0.00923960931720339,0.0027294618881485194,VALIDATION_T3_2007_2017
2007-06,2007-06-29,2007-06-26,T+3,3,3,1,0.01341683957508022,0.014431016984310041,-0.010278098564433735,5,95,-0.001259957156321392,0.0031192291706884008,0.014676796731401612,-0.013397327735122136,VALIDATION_T3_2007_2017
2007-07,2007-07-31,2007-07-26,T+3,3,3,3,-0.01652279910678356,-0.01553858380594364,-0.023679359004167178,4,105,0.00017063319691098058,-0.00019843167754874248,-0.01669343230369454,-0.023480927326618436,VALIDATION_T3_2007_2017
2007-08,2007-08-31,2007-08-28,T+3,3,3,1,0.025900851730277896,0.026927522520918012,-0.0219806490693244,5,95,-0.001259957156321392,0.0031192291706884008,0.02716080888659929,-0.0250998782400128,VALIDATION_T3_2007_2017
2007-09,2007-09-28,2007-09-25,T+3,3,3,1,0.0068528154661449125,0.007860423924963778,-0.001977658648573799,5,95,-0.001259957156321392,0.0031192291706884008,0.008112772622466305,-0.005096887819262199,VALIDATION_T3_2007_2017
2007-10,2007-10-31,2007-10-26,T+3,3,3,4,0.005697827891084417,0.006704280495509751,0.011723134229304044,4,101,-0.0023721001371991277,0.0009334453047029007,0.008069928028283544,0.010789688924601144,VALIDATION_T3_2007_2017
2007-11,2007-11-30,2007-11-27,T+3,3,3,1,0.041673414397690234,0.04271586958831097,0.011493244919358103,5,95,-0.001259957156321392,0.0031192291706884008,0.042933371554011626,0.008374015748669703,VALIDATION_T3_2007_2017
2007-12,2007-12-31,2007-12-26,T+3,3,3,2,-0.023311115404344163,-0.02233369351443537,0.002144133584170538,5,111,0.004657317944782787,-0.0021343802094162803,-0.02796843334912695,0.004278513793586818,VALIDATION_T3_2007_2017
2008-01,2008-01-31,2008-01-28,T+3,3,3,0,0.01473451539920645,0.01575001147317656,0.016536215724090475,4,101,-0.00020082886613255563,-0.0006381527317188354,0.014935344265339006,0.01717436845580931,VALIDATION_T3_2007_2017
2008-02,2008-02-29,2008-02-26,T+3,3,3,1,-0.033779974368276844,-0.032813029194213916,0.007500214633652025,3,91,-0.0017106809985851545,0.0013570524145303717,-0.03206929336969169,0.006143162219121653,VALIDATION_T3_2007_2017
2008-03,2008-03-31,2008-03-26,T+3,3,3,2,-0.010225055027350938,-0.009234537255972786,-0.01223562049743565,5,111,0.004657317944782787,-0.0021343802094162803,-0.014882372972133726,-0.01010124028801937,VALIDATION_T3_2007_2017
2008-04,2008-04-30,2008-04-25,T+3,3,3,4,-0.010589617887035274,-0.009599464952121273,0.009254240239297884,3,105,0.0004960059199760841,0.0014405668908115915,-0.011085623807011358,0.007813673348486292,VALIDATION_T3_2007_2017
2008-05,2008-05-30,2008-05-27,T+3,3,3,1,0.011176531240989052,0.012188466660532749,0.007410904798938134,2,87,-0.0017384451731699729,-1.0933228852706588e-05,0.012914976414159025,0.00742183802779084,VALIDATION_T3_2007_2017
2008-06,2008-06-30,2008-06-25,T+3,3,3,2,-0.030027755650731236,-0.029057055441909396,0.004726190452071011,2,100,-0.0019466999123373375,-0.00017337771385832256,-0.0280810557383939,0.004899568165929334,VALIDATION_T3_2007_2017
2008-07,2008-07-31,2008-07-28,T+3,3,3,0,0.024775381555623754,0.025800926031423588,-0.014663967410317835,3,95,-0.0017216068130454871,1.842343243715408e-05,0.02649698836866924,-0.014682390842754989,VALIDATION_T3_2007_2017
2008-08,2008-08-29,2008-08-26,T+3,3,3,1,0.009979418164056675,0.01099015557208971,0.002912587715788728,4,99,-0.0005342627483716029,-5.734554632792331e-05,0.010513680912428278,0.0029699332621166514,VALIDATION_T3_2007_2017
2008-09,2008-09-30,2008-09-25,T+3,3,3,3,-0.040698466599781824,-0.03973844511028102,0.01563950018376259,5,120,0.0036169382483895395,0.0024418929515034058,-0.04431540484817136,0.013197607232259184,VALIDATION_T3_2007_2017
2008-10,2008-10-31,2008-10-28,T+3,3,3,1,0.03171067861028454,0.03274316358808149,0.11685561151628554,5,95,-0.001259957156321392,0.0031192291706884008,0.03297063576660593,0.11373638234559715,VALIDATION_T3_2007_2017
2008-11,2008-11-28,2008-11-24,T+3,3,3,0,0.058449331069748256,0.059508574767371814,0.06929084998250623,5,109,0.001115596422406744,0.002234115085830844,0.05733373464734151,0.0670567348966754,VALIDATION_T3_2007_2017
2008-12,2008-12-31,2008-12-26,T+3,3,3,4,0.03430193504310286,0.03533701322207139,0.005769534074747229,4,101,-0.0023721001371991277,0.0009334453047029007,0.03667403518030199,0.004836088770044328,VALIDATION_T3_2007_2017
2009-01,2009-01-30,2009-01-27,T+3,3,3,1,-0.021091119404755165,-0.02011147585273909,0.010157693067717632,4,99,-0.0005342627483716029,-5.734554632792331e-05,-0.020556856656383564,0.010215038614045555,VALIDATION_T3_2007_2017
2009-02,2009-02-27,2009-02-24,T+3,3,3,1,-0.04677249567853092,-0.045818552776669574,0.03791001905589697,4,99,-0.0005342627483716029,-5.734554632792331e-05,-0.04623823293015932,0.03796736460222489,VALIDATION_T3_2007_2017
2009-03,2009-03-31,2009-03-26,T+3,3,3,3,-0.04415247673516298,-0.043195911848033175,0.020380581273361287,4,105,0.00017063319691098058,-0.00019843167754874248,-0.044323109932073966,0.02057901295091003,VALIDATION_T3_2007_2017
2009-04,2009-04-30,2009-04-27,T+3,3,3,0,0.017388676950421234,0.018406829177891604,-0.009462619945139639,3,95,-0.0017216068130454871,1.842343243715408e-05,0.01911028376346672,-0.009481043377576793,VALIDATION_T3_2007_2017
2009-05,2009-05-29,2009-05-26,T+3,3,3,1,0.012458872220990846,0.013472090943911885,0.02561206660631954,2,87,-0.0017384451731699729,-1.0933228852706588e-05,0.01419731739416082,0.025622999835172244,VALIDATION_T3_2007_2017
2009-06,2009-06-30,2009-06-25,T+3,3,3,3,-0.0024105718568775414,-0.001412233737556834,0.021748640106898254,1,141,0.001158430374536921,0.0004243294956766647,-0.003569002231414462,0.02132431061122159,VALIDATION_T3_2007_2017
2009-07,2009-07-31,2009-07-28,T+3,3,3,1,0.008389272841411222,0.009398418910717021,-0.004677020630911466,1,116,-0.00018599221848358634,0.0003371774255264922,0.008575265059894808,-0.005014198056437958,VALIDATION_T3_2007_2017
2009-08,2009-08-31,2009-08-26,T+3,3,3,2,-0.00787470761897957,-0.006881837736256502,9.714307046770898e-05,1,133,0.000934765660872042,0.00027535647327445786,-0.008809473279851612,-0.00017821340280674888,VALIDATION_T3_2007_2017
2009-09,2009-09-30,2009-09-25,T+3,3,3,4,0.009903434615623041,0.010914095983082017,-0.005332673711485603,1,138,0.0006105180373544765,0.0005362291679225679,0.009292916578268565,-0.005868902879408171,VALIDATION_T3_2007_2017
2009-10,2009-10-30,2009-10-27,T+3,3,3,1,-0.027847528984745518,-0.026874646912996902,-0.004583512270115997,1,116,-0.00018599221848358634,0.0003371774255264922,-0.027661536766261933,-0.004920689695642489,VALIDATION_T3_2007_2017
2009-11,2009-11-30,2009-11-24,T+3,3,3,1,-0.010450574991101802,-0.009460282908940187,0.0015339931639262172,2,87,-0.0017384451731699729,-1.0933228852706588e-05,-0.008712129817931829,0.0015449263927789238,VALIDATION_T3_2007_2017
2009-12,2009-12-31,2009-12-28,T+3,3,3,0,-0.012344448709770028,-0.011356051922679855,0.002134214036775939,1,120,3.082813306273062e-05,0.0015245517484402957,-0.01237527684283276,0.0006096622883356431,VALIDATION_T3_2007_2017
2010-01,2010-01-29,2010-01-26,T+3,3,3,1,-0.01854700747247051,-0.017564817899165308,-0.004191002536541477,2,87,-0.0017384451731699729,-1.0933228852706588e-05,-0.01680856229930054,-0.004180069307688771,VALIDATION_T3_2007_2017
2010-02,2010-02-26,2010-02-23,T+3,3,3,1,0.0074604231642509955,0.00846863968677769,-0.012144099196555014,2,87,-0.0017384451731699729,-1.0933228852706588e-05,0.009198868337420969,-0.012133165967702307,VALIDATION_T3_2007_2017
2010-03,2010-03-31,2010-03-26,T+3,3,3,4,0.00259904915486997,0.0036024006549246756,-0.0005998649603879969,1,138,0.0006105180373544765,0.0005362291679225679,0.001988531117515494,-0.0011360941283105647,VALIDATION_T3_2007_2017
2010-04,2010-04-30,2010-04-27,T+3,3,3,1,0.0017828287623662398,0.00278536342945479,-0.023650809550855634,1,116,-0.00018599221848358634,0.0003371774255264922,0.0019688209808498263,-0.023987986976382127,VALIDATION_T3_2007_2017
2010-05,2010-05-28,2010-05-25,T+3,3,3,1,0.013361464132503498,0.014375586124731443,0.0010216700752341268,5,95,-0.001259957156321392,0.0031192291706884008,0.01462142128882489,-0.002097559095454274,VALIDATION_T3_2007_2017
2010-06,2010-06-30,2010-06-25,T+3,3,3,4,-0.04406415242126893,-0.04310749914353784,0.004188663968913042,5,115,0.0005149011229827708,-0.001007285307201423,-0.0445790535442517,0.0051959492761144655,VALIDATION_T3_2007_2017
2010-07,2010-07-30,2010-07-27,T+3,3,3,1,-0.012463524740724097,-0.011475247119031473,-8.941471784462696e-05,5,95,-0.001259957156321392,0.0031192291706884008,-0.011203567584402704,-0.0032086438885330277,VALIDATION_T3_2007_2017
2010-08,2010-08-31,2010-08-26,T+3,3,3,3,-0.0002404255764848484,0.0007600843178117156,-0.006701619576442108,3,99,0.002777214200624726,-0.0007498300810420458,-0.0030176397771095745,-0.005951789495400062,VALIDATION_T3_2007_2017
2010-09,2010-09-30,2010-09-27,T+3,3,3,0,-0.0022235971647607267,-0.001225071930423316,-0.004790224829760326,3,95,-0.0017216068130454871,1.842343243715408e-05,-0.0005019903517152395,-0.0048086482621974794,VALIDATION_T3_2007_2017
2010-10,2010-10-29,2010-10-26,T+3,3,3,1,-0.0029348406683626926,-0.001937027211317388,0.00016811387889448248,1,116,-0.00018599221848358634,0.0003371774255264922,-0.002748848449879106,-0.00016906354663200973,VALIDATION_T3_2007_2017
2010-11,2010-11-30,2010-11-24,T+3,3,3,2,-0.01521146172939758,-0.01422593410702122,0.014773464250396717,3,95,-0.0002658343974212543,-0.001117103481100037,-0.014945627331976324,0.015890567731496753,VALIDATION_T3_2007_2017
2010-12,2010-12-31,2010-12-28,T+3,3,3,1,-0.001635019893278522,-0.0006359056399422025,0.0014324973232666682,1,116,-0.00018599221848358634,0.0003371774255264922,-0.0014490276747949357,0.001095319897740176,VALIDATION_T3_2007_2017
2011-01,2011-01-31,2011-01-26,T+3,3,3,2,-0.008626598674239871,-0.007634481246866609,0.003870688622148677,1,133,0.000934765660872042,0.00027535647327445786,-0.009561364335111913,0.003595332148874219,VALIDATION_T3_2007_2017
2011-02,2011-02-28,2011-02-23,T+3,3,3,2,0.015240961436044698,0.016256964336139657,-0.006144503329606921,3,95,-0.0002658343974212543,-0.001117103481100037,0.015506795833465953,-0.005027399848506884,VALIDATION_T3_2007_2017
2011-03,2011-03-31,2011-03-28,T+3,3,3,0,0.011280074404510954,0.012292113444927422,-0.0024376282856953813,4,101,-0.00020082886613255563,-0.0006381527317188354,0.01148090327064351,-0.0017994755539765459,VALIDATION_T3_2007_2017
2011-04,2011-04-29,2011-04-26,T+3,3,3,1,0.011155182108933293,0.012167096163322455,0.00860561985114816,1,116,-0.00018599221848358634,0.0003371774255264922,0.011341174327416879,0.008268442425621669,VALIDATION_T3_2007_2017
2011-05,2011-05-31,2011-05-25,T+3,3,3,2,0.017940410288410202,0.018959114663294585,0.0033346026974885312,2,100,-0.0019466999123373375,-0.00017337771385832256,0.01988711020074754,0.0035079804113468537,VALIDATION_T3_2007_2017
2011-06,2011-06-30,2011-06-27,T+3,3,3,0,0.030467703027059923,0.03149894409642018,0.00891105965249106,4,101,-0.00020082886613255563,-0.0006381527317188354,0.030668531893192477,0.009549212384209896,VALIDATION_T3_2007_2017
2011-07,2011-07-29,2011-07-26,T+3,3,3,1,-0.030970811786575236,-0.030001055341653204,-0.0037355557222317204,3,91,-0.0017106809985851545,0.0013570524145303717,-0.02926013078799008,-0.005092608136762092,VALIDATION_T3_2007_2017
2011-08,2011-08-31,2011-08-26,T+3,3,3,4,0.03499060684648758,0.03602637421410804,0.014533611079138975,5,115,0.0005149011229827708,-0.001007285307201423,0.034475705723504814,0.015540896386340397,VALIDATION_T3_2007_2017
2011-09,2011-09-30,2011-09-27,T+3,3,3,1,-0.03831168995295087,-0.03734927989552661,0.011183871184385907,5,95,-0.001259957156321392,0.0031192291706884008,-0.037051732796629475,0.008064642013697507,VALIDATION_T3_2007_2017
2011-10,2011-10-31,2011-10-26,T+3,3,3,2,0.008644684931075508,0.009654086604157897,0.010158741506974822,5,111,0.004657317944782787,-0.0021343802094162803,0.003987366986292721,0.012293121716391103,VALIDATION_T3_2007_2017
2011-11,2011-11-30,2011-11-25,T+3,3,3,4,0.0732768959393244,0.07435097832990967,-0.0018876314878248923,5,115,0.0005149011229827708,-0.001007285307201423,0.07276199481634163,-0.0008803461806234693,VALIDATION_T3_2007_2017
2011-12,2011-12-30,2011-12-27,T+3,3,3,1,-0.008818543217658736,-0.00782661787888328,0.0007915921587589025,4,99,-0.0005342627483716029,-5.734554632792331e-05,-0.008284280469287133,0.0008489377050868259,VALIDATION_T3_2007_2017
2012-01,2012-01-31,2012-01-26,T+3,3,3,3,-0.005241807802515375,-0.004246303043983768,-0.005129653471199425,1,141,0.001158430374536921,0.0004243294956766647,-0.0064002381770522955,-0.0055539829668760895,VALIDATION_T3_2007_2017
2012-02,2012-02-29,2012-02-24,T+3,3,3,4,-0.00034315074688651137,0.0006572563451443525,0.002195713006173383,1,138,0.0006105180373544765,0.0005362291679225679,-0.0009536687842409879,0.0016594838382508153,VALIDATION_T3_2007_2017
2012-03,2012-03-30,2012-03-27,T+3,3,3,1,-0.0035474533374041384,-0.0025502529527938744,-0.003107052816091027,2,87,-0.0017384451731699729,-1.0933228852706588e-05,-0.0018090081642341655,-0.0030961195872383205,VALIDATION_T3_2007_2017
2012-04,2012-04-30,2012-04-25,T+3,3,3,2,0.003880911420374389,0.0048855457447325445,0.013691419542173566,2,100,-0.0019466999123373375,-0.00017337771385832256,0.005827611332711726,0.013864797256031888,VALIDATION_T3_2007_2017
2012-05,2012-05-31,2012-05-25,T+3,3,3,4,-0.005764184974376474,-0.004769202985060894,-0.0032446377908300628,2,91,-0.0010214910247561856,0.0011837001501341065,-0.004742693949620288,-0.0044283379409641695,VALIDATION_T3_2007_2017
2012-06,2012-06-29,2012-06-26,T+3,3,3,1,0.030186467504870418,0.031217427127641084,0.005025559955908143,3,91,-0.0017106809985851545,0.0013570524145303717,0.03189714850345557,0.0036685075413777713,VALIDATION_T3_2007_2017
2012-07,2012-07-31,2012-07-26,T+3,3,3,3,0.01029828320254933,0.01130933971492909,0.01649733343747206,2,101,-0.001341597724137164,-0.0008053452467160449,0.011639880926686493,0.017302678684188107,VALIDATION_T3_2007_2017
2012-08,2012-08-31,2012-08-28,T+3,3,3,1,-0.00269537308623069,-0.0016973199818827167,-0.000989083840511218,1,116,-0.00018599221848358634,0.0003371774255264922,-0.0025093808677471036,-0.0013262612660377101,VALIDATION_T3_2007_2017
2012-09,2012-09-28,2012-09-25,T+3,3,3,1,-0.0019005184150215904,-0.0009016698594637163,-0.010641566577965333,1,116,-0.00018599221848358634,0.0003371774255264922,-0.001714526196538004,-0.010978744003491825,VALIDATION_T3_2007_2017
2012-10,2012-10-31,2012-10-24,T+3,3,3,2,0.0013376333709751442,0.002339722508552855,-0.0028283530753598907,2,100,-0.0019466999123373375,-0.00017337771385832256,0.0032843332833124815,-0.0026549753615015682,VALIDATION_T3_2007_2017
2012-11,2012-11-30,2012-11-27,T+3,3,3,1,0.011956428055343249,0.012969143957014095,-0.005104720520419548,4,99,-0.0005342627483716029,-5.734554632792331e-05,0.012490690803714852,-0.0050473749740916245,VALIDATION_T3_2007_2017
2012-12,2012-12-31,2012-12-26,T+3,3,3,2,0.003651722083688469,0.004656127046703373,-0.0042152708171451225,1,133,0.000934765660872042,0.00027535647327445786,0.002716956422816427,-0.00449062729041958,VALIDATION_T3_2007_2017
2013-01,2013-01-31,2013-01-28,T+3,3,3,0,-0.0034628016883441193,-0.002465516588553651,-0.0011982700400953172,3,95,-0.0017216068130454871,1.842343243715408e-05,-0.0017411948752986321,-0.0012166934725324713,VALIDATION_T3_2007_2017
2013-02,2013-02-28,2013-02-25,T+3,3,3,0,0.016499018198119053,0.017516280099147963,-0.019026691086003633,2,85,-0.0008408991506700452,0.0006795129799215182,0.017339917348789098,-0.019706204065925152,VALIDATION_T3_2007_2017
2013-03,2013-03-28,2013-03-25,T+3,3,3,0,0.010089383139216812,0.011100230594753846,-0.004177302746611988,2,85,-0.0008408991506700452,0.0006795129799215182,0.010930282289886857,-0.0048568157265335065,VALIDATION_T3_2007_2017
2013-04,2013-04-30,2013-04-25,T+3,3,3,3,0.0063108478434308335,0.00731791392788006,0.004053450105863776,4,105,0.00017063319691098058,-0.00019843167754874248,0.006140214646519853,0.004251881783412519,VALIDATION_T3_2007_2017
2013-05,2013-05-31,2013-05-28,T+3,3,3,1,-0.018120403172571797,-0.017137786674800037,0.005988673431982505,1,116,-0.00018599221848358634,0.0003371774255264922,-0.017934410954088213,0.0056514960064560135,VALIDATION_T3_2007_2017
2013-06,2013-06-28,2013-06-25,T+3,3,3,1,0.0106554645288508,0.011666878490621757,0.009614003074974953,5,95,-0.001259957156321392,0.0031192291706884008,0.011915421685172192,0.0064947739042865524,VALIDATION_T3_2007_2017
2013-07,2013-07-31,2013-07-26,T+3,3,3,4,-0.0033620102935265628,-0.002364624326697373,0.0010650618169467663,1,138,0.0006105180373544765,0.0005362291679225679,-0.003972528330881039,0.0005288326490241983,VALIDATION_T3_2007_2017
2013-08,2013-08-30,2013-08-27,T+3,3,3,1,0.0009575876732328403,0.0019592964798884616,-0.01608404931888674,2,87,-0.0017384451731699729,-1.0933228852706588e-05,0.0026960328464028134,-0.016073116090034034,VALIDATION_T3_2007_2017
2013-09,2013-09-30,2013-09-25,T+3,3,3,2,-0.007086228776204462,-0.0060925698228850855,-0.0028907361960236466,3,95,-0.0002658343974212543,-0.001117103481100037,-0.0068203943787832075,-0.0017736327149236097,VALIDATION_T3_2007_2017
2013-10,2013-10-31,2013-10-28,T+3,3,3,0,-0.0034943596885284034,-0.002497106170422425,0.0015914690097256212,4,101,-0.00020082886613255563,-0.0006381527317188354,-0.003293530822395848,0.0022296217414444564,VALIDATION_T3_2007_2017
2013-11,2013-11-29,2013-11-25,T+3,3,3,0,0.0010465809073623156,0.002048378774041515,-0.0009952954442136175,2,85,-0.0008408991506700452,0.0006795129799215182,0.0018874800580323608,-0.0016748084241351357,VALIDATION_T3_2007_2017
2013-12,2013-12-31,2013-12-26,T+3,3,3,3,0.0035101859051824835,0.0045144492257958024,0.005084114595750977,3,99,0.002777214200624726,-0.0007498300810420458,0.0007329717045577574,0.005833944676793023,VALIDATION_T3_2007_2017
2014-01,2014-01-31,2014-01-28,T+3,3,3,1,-0.0059654870651869585,-0.004970706529039526,0.005954887358401217,4,99,-0.0005342627483716029,-5.734554632792331e-05,-0.005431224316815355,0.006012232904729141,VALIDATION_T3_2007_2017
2014-02,2014-02-28,2014-02-25,T+3,3,3,1,0.0068375789398231746,0.007845172150680702,-0.00037861159004815015,4,99,-0.0005342627483716029,-5.734554632792331e-05,0.007371841688194778,-0.00032126604372022683,VALIDATION_T3_2007_2017
2014-03,2014-03-31,2014-03-26,T+3,3,3,2,0.010018079717438733,0.011028855816040739,-0.007192136715573394,2,100,-0.0019466999123373375,-0.00017337771385832256,0.01196477962977607,-0.007018759001715071,VALIDATION_T3_2007_2017
2014-04,2014-04-30,2014-04-25,T+3,3,3,4,0.009832148737442203,0.010842738765522997,-0.0081981642348955,4,101,-0.0023721001371991277,0.0009334453047029007,0.01220424887464133,-0.0091316095395984,VALIDATION_T3_2007_2017
2014-05,2014-05-30,2014-05-27,T+3,3,3,1,0.005050997332249008,0.006056802620668877,0.006146865700884296,1,116,-0.00018599221848358634,0.0003371774255264922,0.005236989550732594,0.005809688275357805,VALIDATION_T3_2007_2017
2014-06,2014-06-30,2014-06-25,T+3,3,3,2,-0.00028459383624657164,0.0007158718566420141,0.0045200777950722415,1,133,0.000934765660872042,0.00027535647327445786,-0.0012193594971186138,0.004244721321797784,VALIDATION_T3_2007_2017
2014-07,2014-07-31,2014-07-28,T+3,3,3,0,-0.024788084337308502,-0.023812140524798298,0.00040477731854227095,2,85,-0.0008408991506700452,0.0006795129799215182,-0.023947185186638457,-0.0002747356613792473,VALIDATION_T3_2007_2017
2014-08,2014-08-29,2014-08-26,T+3,3,3,1,0.0008953892383094519,0.001897035799850233,0.000649264666648719,4,99,-0.0005342627483716029,-5.734554632792331e-05,0.0014296519866810549,0.0007066102129766423,VALIDATION_T3_2007_2017
2014-09,2014-09-30,2014-09-25,T+3,3,3,3,0.002460062246000705,0.0034632746548366455,-0.016135315618967194,1,141,0.001158430374536921,0.0004243294956766647,0.0013016318714637839,-0.016559645114643858,VALIDATION_T3_2007_2017
2014-10,2014-10-31,2014-10-28,T+3,3,3,1,0.015364278769930184,0.016380405079908567,0.011470135935601533,5,95,-0.001259957156321392,0.0031192291706884008,0.016624235926251577,0.008350906764913133,VALIDATION_T3_2007_2017
2014-11,2014-11-28,2014-11-24,T+3,3,3,0,-0.001289204646052311,-0.0002897443179342707,0.0028061988461312026,1,120,3.082813306273062e-05,0.0015245517484402957,-0.0013200327791150416,0.001281647097690907,VALIDATION_T3_2007_2017
2014-12,2014-12-31,2014-12-26,T+3,3,3,4,-0.01489866688681507,-0.013912826234843467,0.0032251069190147863,5,115,0.0005149011229827708,-0.001007285307201423,-0.015413568009797842,0.00423239222621621,VALIDATION_T3_2007_2017
2015-01,2015-01-30,2015-01-27,T+3,3,3,1,-0.017211268419974668,-0.016227742105144438,-0.013190501879586591,4,99,-0.0005342627483716029,-5.734554632792331e-05,-0.016677005671603067,-0.013133156333258669,VALIDATION_T3_2007_2017
2015-02,2015-02-27,2015-02-24,T+3,3,3,1,-0.006423679155693307,-0.005429357155509629,0.0028408889147639727,4,99,-0.0005342627483716029,-5.734554632792331e-05,-0.005889416407321704,0.002898234461091896,VALIDATION_T3_2007_2017
2015-03,2015-03-31,2015-03-26,T+3,3,3,3,0.004645331536031527,0.005650730854202868,-0.0023808905132641778,4,105,0.00017063319691098058,-0.00019843167754874248,0.004474698339120547,-0.002182458835715435,VALIDATION_T3_2007_2017
2015-04,2015-04-30,2015-04-27,T+3,3,3,0,-0.011948637384921024,-0.010959844489449533,-0.004157575499947441,2,85,-0.0008408991506700452,0.0006795129799215182,-0.011107738234250979,-0.0048370884798689595,VALIDATION_T3_2007_2017
2015-05,2015-05-29,2015-05-26,T+3,3,3,1,0.0010869782334372857,0.0020888165277608284,-0.010751864456896354,3,91,-0.0017106809985851545,0.0013570524145303717,0.0027976592320224404,-0.012108916871426725,VALIDATION_T3_2007_2017
2015-06,2015-06-30,2015-06-25,T+3,3,3,3,-0.02008849061651441,-0.019107843683236814,-0.003040397727916533,2,101,-0.001341597724137164,-0.0008053452467160449,-0.018746892892377246,-0.002235052481200488,VALIDATION_T3_2007_2017
2015-07,2015-07-31,2015-07-28,T+3,3,3,1,0.004583737017286316,0.005589074694712259,0.012283340270040854,4,99,-0.0005342627483716029,-5.734554632792331e-05,0.005117999765657919,0.012340685816368777,VALIDATION_T3_2007_2017
2015-08,2015-08-31,2015-08-26,T+3,3,3,2,0.015490424590215435,0.016506677140686765,0.038394115116508365,5,111,0.004657317944782787,-0.0021343802094162803,0.010833106645432647,0.040528495325924646,VALIDATION_T3_2007_2017
2015-09,2015-09-30,2015-09-25,T+3,3,3,4,-0.007318921939506229,-0.006325495853986451,-0.00025935433166679456,5,115,0.0005149011229827708,-0.001007285307201423,-0.007833823062489,0.0007479309755346285,VALIDATION_T3_2007_2017
2015-10,2015-10-30,2015-10-27,T+3,3,3,1,0.005431490983064613,0.006437677050695978,-0.001932623070694528,3,91,-0.0017106809985851545,0.0013570524145303717,0.007142171981649768,-0.0032896754852249,VALIDATION_T3_2007_2017
2015-11,2015-11-30,2015-11-24,T+3,3,3,1,-0.004149395686507518,-0.0031527976960042947,0.0013392148202715504,3,91,-0.0017106809985851545,0.0013570524145303717,-0.002438714687922363,-1.7837594258821336e-05,VALIDATION_T3_2007_2017
2015-12,2015-12-31,2015-12-28,T+3,3,3,0,-0.007522897763733938,-0.0065296758071222705,-0.0022848842481750786,5,109,0.001115596422406744,0.002234115085830844,-0.008638494186140683,-0.004518999334005923,VALIDATION_T3_2007_2017
2016-01,2016-01-29,2016-01-26,T+3,3,3,1,0.01748881681475778,0.018507069257247544,0.013642920590077656,5,95,-0.001259957156321392,0.0031192291706884008,0.018748773971079172,0.010523691419389256,VALIDATION_T3_2007_2017
2016-02,2016-02-29,2016-02-24,T+3,3,3,2,0.0008618381747111936,0.0018634511600081893,0.004575788783680368,5,111,0.004657317944782787,-0.0021343802094162803,-0.0037954797700715933,0.006710168993096648,VALIDATION_T3_2007_2017
2016-03,2016-03-31,2016-03-28,T+3,3,3,0,0.010207426646202,0.011218392233837582,0.0005907156421804949,2,85,-0.0008408991506700452,0.0006795129799215182,0.011048325796872045,-8.879733774102335e-05,VALIDATION_T3_2007_2017
2016-04,2016-04-29,2016-04-26,T+3,3,3,1,-0.013384618093550182,-0.012397262256491293,0.001486251695894003,2,87,-0.0017384451731699729,-1.0933228852706588e-05,-0.01164617292038021,0.0014971849247467097,VALIDATION_T3_2007_2017
2016-05,2016-05-31,2016-05-25,T+3,3,3,2,0.001672905554339854,0.002675330215722971,0.0067833229633380565,2,100,-0.0019466999123373375,-0.00017337771385832256,0.0036196054666771914,0.006956700677196379,VALIDATION_T3_2007_2017
2016-06,2016-06-30,2016-06-27,T+3,3,3,0,0.04845020305837533,0.04949944012363883,-0.01791007217573537,3,95,-0.0017216068130454871,1.842343243715408e-05,0.050171809871420815,-0.017928495608172525,VALIDATION_T3_2007_2017
2016-07,2016-07-29,2016-07-26,T+3,3,3,1,0.0007055065441112784,0.0017069630804507074,0.0004616887829684835,3,91,-0.0017106809985851545,0.0013570524145303717,0.002416187542696433,-0.0008953636315618882,VALIDATION_T3_2007_2017
2016-08,2016-08-31,2016-08-26,T+3,3,3,4,-0.0005857029864647645,0.00041446137129108607,-0.0018833817789412066,1,138,0.0006105180373544765,0.0005362291679225679,-0.001196221023819241,-0.0024196109468637744,VALIDATION_T3_2007_2017
2016-09,2016-09-30,2016-09-27,T+3,3,3,1,0.0023829671118187346,0.0033861023676606816,0.006208099001323131,3,91,-0.0017106809985851545,0.0013570524145303717,0.004093648110403889,0.004851046586792759,VALIDATION_T3_2007_2017
2016-10,2016-10-31,2016-10-26,T+3,3,3,2,-0.0065614239244558,-0.005567239772418464,-0.002007834115376639,1,133,0.000934765660872042,0.00027535647327445786,-0.007496189585327842,-0.0022831905886510967,VALIDATION_T3_2007_2017
2016-11,2016-11-30,2016-11-25,T+3,3,3,4,-0.006140956630166228,-0.0051463516952737764,0.0037157509238170405,3,105,0.0004960059199760841,0.0014405668908115915,-0.006636962550142312,0.002275184033005449,VALIDATION_T3_2007_2017
2016-12,2016-12-30,2016-12-27,T+3,3,3,1,-0.013097330297151766,-0.012109686956686905,0.0024809410215196337,1,116,-0.00018599221848358634,0.0003371774255264922,-0.01291133807866818,0.0021437635959931415,VALIDATION_T3_2007_2017
2017-01,2017-01-31,2017-01-26,T+3,3,3,3,-0.008840917088823952,-0.007849014140711263,-0.0010453277640292136,1,141,0.001158430374536921,0.0004243294956766647,-0.009999347463360873,-0.0014696572597058782,VALIDATION_T3_2007_2017
2017-02,2017-02-28,2017-02-23,T+3,3,3,3,-0.0008729136586261843,0.0001269632729057335,0.0006770446093160576,1,141,0.001158430374536921,0.0004243294956766647,-0.002031344033163105,0.0002527151136393929,VALIDATION_T3_2007_2017
2017-03,2017-03-31,2017-03-28,T+3,3,3,1,0.0007831381988707697,0.001784672425127587,0.007277168464023598,3,91,-0.0017106809985851545,0.0013570524145303717,0.0024938191974559244,0.005920116049493226,VALIDATION_T3_2007_2017
2017-04,2017-04-28,2017-04-25,T+3,3,3,1,-0.0029681022680276836,-0.0019703220975448854,0.005818589868160862,3,91,-0.0017106809985851545,0.0013570524145303717,-0.0012574212694425292,0.00446153745363049,VALIDATION_T3_2007_2017
2017-05,2017-05-31,2017-05-25,T+3,3,3,3,-0.0023220888456294553,-0.0013236621768909496,0.004779476513433467,3,99,0.002777214200624726,-0.0007498300810420458,-0.005099303046254181,0.005529306594475513,VALIDATION_T3_2007_2017
2017-06,2017-06-30,2017-06-27,T+3,3,3,1,0.0009458108449984515,0.0019475078659874079,-0.008056283737098768,1,116,-0.00018599221848358634,0.0003371774255264922,0.0011318030634820378,-0.00839346116262526,VALIDATION_T3_2007_2017
2017-07,2017-07-31,2017-07-26,T+3,3,3,2,-0.0036642304664347147,-0.002667146946594756,4.0119778880187695e-05,4,112,-0.0010029146989570575,0.0011435719909439587,-0.002661315767477657,-0.001103452212063771,VALIDATION_T3_2007_2017
2017-08,2017-08-31,2017-08-28,T+3,3,3,0,0.010927747209982464,0.011939433658782583,4.058895728475953e-05,5,109,0.001115596422406744,0.002234115085830844,0.009812150787575719,-0.0021935261285460843,VALIDATION_T3_2007_2017
2017-09,2017-09-29,2017-09-27,T+2,2,2,2,0.008069436674323915,0.009078262667425507,0.0038944758685439673,1,39,0.0004484957888519513,-0.0009965441513866478,0.0076209408854719645,0.004891020019930616,OOS_T2_2017_2024
2017-10,2017-10-31,2017-10-27,T+2,2,2,4,-0.001852366534218719,-0.0008534697906420474,0.008176000790359517,1,39,0.0015928446465476565,0.0005069650051041994,-0.0034452111807663755,0.007669035785255318,OOS_T2_2017_2024
2017-11,2017-11-30,2017-11-28,T+2,2,2,1,0.005042492534376164,0.006048289311615385,0.01014467677533859,1,44,-0.0017429307651103147,-0.0006482236760481249,0.006785423299486479,0.010792900451386716,OOS_T2_2017_2024
2017-12,2017-12-29,2017-12-27,T+2,2,2,2,0.0044190299516140286,0.005424202798361533,0.0004864189088682469,3,25,0.004944144907663688,0.0037884989430158676,-0.0005251149560496597,-0.0033020800341476207,OOS_T2_2017_2024
2018-01,2018-01-31,2018-01-29,T+2,2,2,0,-0.0118779435616444,-0.010889079919293887,-0.0066300682505416875,4,30,-4.326367976513386e-05,0.0033317061622931132,-0.011834679881879267,-0.0099617744128348,OOS_T2_2017_2024
2018-02,2018-02-28,2018-02-26,T+2,2,2,0,-0.037666995067068165,-0.036703939830914245,0.011612572340328642,5,36,-0.0010316967504532908,-0.008200234481719118,-0.03663529831661488,0.01981280682204776,OOS_T2_2017_2024
2018-03,2018-03-29,2018-03-27,T+2,2,2,1,-0.012998233044784868,-0.012010490532695095,-0.017011825023173444,5,36,-0.008129436718768266,0.008433240785701531,-0.0048687963260166025,-0.025445065808874977,OOS_T2_2017_2024
2018-04,2018-04-30,2018-04-26,T+2,2,2,3,-0.0059892081671115704,-0.004994451369868758,0.01016595571003509,5,33,-0.006775616759318007,-0.0061010478352543866,0.0007864085922064364,0.016267003545289475,OOS_T2_2017_2024
2018-05,2018-05-31,2018-05-29,T+2,2,2,1,0.016008815109869623,0.0170255864399127,-0.011501278398085457,4,33,-0.0021742318364364414,0.0021483590365861636,0.018183046946306063,-0.01364963743467162,OOS_T2_2017_2024
2018-06,2018-06-29,2018-06-27,T+2,2,2,2,0.008309416380737344,0.009318482533650307,-0.008284118371374216,4,29,0.0009967028755264566,0.0007484353149142396,0.007312713505210888,-0.009032553686288455,OOS_T2_2017_2024
2018-07,2018-07-31,2018-07-27,T+2,2,2,4,-0.002987299352563366,-0.001989538393572521,-0.00677628851464529,3,28,0.00046052909544732387,0.0023473121817361837,-0.00344782844801069,-0.009123600696381474,OOS_T2_2017_2024
2018-08,2018-08-31,2018-08-29,T+2,2,2,2,-0.0067231493945342224,-0.005729127089341923,0.005380588595512048,2,24,0.0006089861592784666,-0.0016721999634209488,-0.007332135553812689,0.007052788558932997,OOS_T2_2017_2024
2018-09,2018-09-28,2018-09-26,T+2,2,2,2,0.0053762077003802755,0.006382338443238655,-0.00299214914297663,1,39,0.0004484957888519513,-0.0009965441513866478,0.004927711911528325,-0.001995604991589982,OOS_T2_2017_2024
2018-10,2018-10-31,2018-10-29,T+2,2,2,0,0.0355358882464325,0.03657220130468675,-0.00553998897771335,5,36,-0.0010316967504532908,-0.008200234481719118,0.03656758499688579,0.002660245504005768,OOS_T2_2017_2024
2018-11,2018-11-30,2018-11-28,T+2,2,2,2,0.0161728117864397,0.017189747236239006,0.023025254670970385,4,29,0.0009967028755264566,0.0007484353149142396,0.015176108910913243,0.022276819356056146,OOS_T2_2017_2024
2018-12,2018-12-31,2018-12-27,T+2,2,2,3,0.007497485717398611,0.00850573933029386,0.00767717802913892,5,33,-0.006775616759318007,-0.0061010478352543866,0.014273102476716617,0.013778225864393307,OOS_T2_2017_2024
2019-01,2019-01-31,2019-01-29,T+2,2,2,1,0.024221083976680102,0.02524607373890042,-0.0013269843290858452,3,25,-0.0008141119148005638,-0.0004855426957390074,0.025035195891480667,-0.0008414416333468377,OOS_T2_2017_2024
2019-02,2019-02-28,2019-02-26,T+2,2,2,1,0.0029344997122315863,0.003938186914599351,-0.0007154883030264791,2,26,0.0011958037588818628,0.00043399554022428735,0.0017386959533497236,-0.0011494838432507665,OOS_T2_2017_2024
2019-03,2019-03-29,2019-03-27,T+2,2,2,2,0.02107699845201516,0.02209884176907373,-0.00522901449615365,3,25,0.004944144907663688,0.0037884989430158676,0.016132853544351473,-0.009017513439169518,OOS_T2_2017_2024
2019-04,2019-04-30,2019-04-26,T+2,2,2,4,-0.006447458087449509,-0.005453159884043712,0.004657333113687434,1,39,0.0015928446465476565,0.0005069650051041994,-0.008040302733997166,0.004150368108583235,OOS_T2_2017_2024
2019-05,2019-05-31,2019-05-29,T+2,2,2,2,-0.014282632745181822,-0.013296175596734794,-0.0067110929102645045,4,29,0.0009967028755264566,0.0007484353149142396,-0.01527933562070828,-0.007459528225178744,OOS_T2_2017_2024
2019-06,2019-06-28,2019-06-26,T+2,2,2,2,0.0168501531899794,0.01786776648952726,-0.0009971927805433323,3,25,0.004944144907663688,0.0037884989430158676,0.011906008282315712,-0.0047856917235592,OOS_T2_2017_2024
2019-07,2019-07-31,2019-07-29,T+2,2,2,0,-0.02293753374078722,-0.021959737988841654,-0.0018210266591750512,2,26,-0.0004917109644159529,0.0005767855693203714,-0.022445822776371267,-0.0023978122284954227,OOS_T2_2017_2024
2019-08,2019-08-30,2019-08-28,T+2,2,2,2,0.0053975113157542776,0.0064036633782165175,0.00704122042623645,5,33,-0.00861999092974007,-0.002543918794138101,0.014017502245494348,0.009585139220374551,OOS_T2_2017_2024
2019-09,2019-09-30,2019-09-26,T+2,2,2,3,-0.013647150892356796,-0.012660057785127576,-0.002083156733802438,2,26,0.0011672840221568568,0.002381124615880056,-0.014814434914513654,-0.0044642813496824935,OOS_T2_2017_2024
2019-10,2019-10-31,2019-10-29,T+2,2,2,1,0.008653824790686215,0.009663235610487764,-0.00029702473734549706,3,25,-0.0008141119148005638,-0.0004855426957390074,0.00946793670548678,0.00018851795839351036,OOS_T2_2017_2024
2019-11,2019-11-29,2019-11-26,T+2,2,2,1,-0.008760133027864159,-0.007768149235062083,0.0022657222623383433,1,44,-0.0017429307651103147,-0.0006482236760481249,-0.007017202262753844,0.002913945938386468,OOS_T2_2017_2024
2019-12,2019-12-31,2019-12-27,T+2,2,2,4,0.005219395254929982,0.006225369067655251,-0.0002476643629273356,1,39,0.0015928446465476565,0.0005069650051041994,0.003626550608382325,-0.000754629368031535,OOS_T2_2017_2024
2020-01,2020-01-31,2020-01-29,T+2,2,2,2,-0.008645977134236427,-0.0076538790998667006,-0.0008264212489546008,3,25,0.004944144907663688,0.0037884989430158676,-0.013590122041900115,-0.004614920191970469,OOS_T2_2017_2024
2020-02,2020-02-28,2020-02-26,T+2,2,2,2,-0.008729076321621232,-0.007737061448804816,-0.0036785678630125718,5,33,-0.00861999092974007,-0.002543918794138101,-0.00010908539188116129,-0.001134649068874471,OOS_T2_2017_2024
2020-03,2020-03-31,2020-03-27,T+2,2,2,4,-0.029658684086337317,-0.028687614528962735,-0.029785706274317758,5,33,-0.010777599073878241,0.0013063340772939355,-0.018881085012459074,-0.031092040351611692,OOS_T2_2017_2024
2020-04,2020-04-30,2020-04-28,T+2,2,2,1,-0.011278843623161228,-0.010289380431247497,-0.00459824200181036,5,36,-0.008129436718768266,0.008433240785701531,-0.003149406904392962,-0.013031482787511891,OOS_T2_2017_2024
2020-05,2020-05-29,2020-05-27,T+2,2,2,2,0.005648604225362286,0.006655007569179361,0.01487919025288531,4,29,0.0009967028755264566,0.0007484353149142396,0.0046519013498358295,0.014130754937971071,OOS_T2_2017_2024
2020-06,2020-06-30,2020-06-26,T+2,2,2,4,0.03385949807094968,0.03489413348089698,-0.023751542676445525,4,36,0.003769219625936617,0.0025116312264792415,0.030090278445013063,-0.026263173902924767,OOS_T2_2017_2024
2020-07,2020-07-31,2020-07-29,T+2,2,2,2,0.010277054358640791,0.01128808962624439,0.012298993471409059,2,24,0.0006089861592784666,-0.0016721999634209488,0.009668068199362325,0.013971193434830007,OOS_T2_2017_2024
2020-08,2020-08-31,2020-08-27,T+2,2,2,3,0.011246623118720267,0.012258628682745742,0.002186768516420967,2,26,0.0011672840221568568,0.002381124615880056,0.01007933909656341,-0.00019435609945908866,OOS_T2_2017_2024
2020-09,2020-09-30,2020-09-28,T+2,2,2,0,0.007519862226196272,0.008528138232394067,0.016609115723194234,4,30,-4.326367976513386e-05,0.0033317061622931132,0.007563125905961406,0.013277409560901121,OOS_T2_2017_2024
2020-10,2020-10-30,2020-10-28,T+2,2,2,2,0.00982629001482338,0.010836874179784406,-0.034178998674789685,3,25,0.004944144907663688,0.0037884989430158676,0.004882145107159692,-0.03796749761780555,OOS_T2_2017_2024
2020-11,2020-11-30,2020-11-25,T+2,2,2,2,0.008255973432391484,0.00926498610224713,-0.0015418139019233168,3,25,0.004944144907663688,0.0037884989430158676,0.0033118285247277952,-0.005330312844939185,OOS_T2_2017_2024
2020-12,2020-12-31,2020-12-29,T+2,2,2,1,-0.008180380853555436,-0.007187816873474806,-0.0019078828378807922,1,44,-0.0017429307651103147,-0.0006482236760481249,-0.006437450088445121,-0.0012596591618326673,OOS_T2_2017_2024
2021-01,2021-01-29,2021-01-27,T+2,2,2,2,0.0038561960904601733,0.004860805680939606,-0.02444025790566895,1,39,0.0004484957888519513,-0.0009965441513866478,0.003407700301608222,-0.0234437137542823,OOS_T2_2017_2024
2021-02,2021-02-26,2021-02-24,T+2,2,2,2,-0.006584437243511432,-0.005590276122064641,0.011019427096924383,2,24,0.0006089861592784666,-0.0016721999634209488,-0.007193423402789899,0.012691627060345332,OOS_T2_2017_2024
2021-03,2021-03-31,2021-03-29,T+2,2,2,0,0.011191807817044541,0.012203758524629293,-0.0005051506959651286,3,26,0.0028783223007560884,0.00027609312931925906,0.008313485516288452,-0.0007812438252843877,OOS_T2_2017_2024
2021-04,2021-04-30,2021-04-28,T+2,2,2,2,0.000915007703752968,0.0019166738984828235,-0.00028732802399178414,1,39,0.0004484957888519513,-0.0009965441513866478,0.00046651191490101673,0.0007092161273948637,OOS_T2_2017_2024
2021-05,2021-05-28,2021-05-26,T+2,2,2,2,0.0004302235916973096,0.001431404638484457,0.001984670392072063,2,24,0.0006089861592784666,-0.0016721999634209488,-0.00017876256758115694,0.003656870355493012,OOS_T2_2017_2024
2021-06,2021-06-30,2021-06-28,T+2,2,2,0,0.005917916048854721,0.006924588906614071,0.002016115573848287,1,40,-0.0011626851811657097,0.0015878134370631153,0.00708060123002043,0.00042830213678517193,OOS_T2_2017_2024
2021-07,2021-07-30,2021-07-28,T+2,2,2,2,-0.0038226840731104827,-0.002825759125796634,-0.00040993730375038506,2,24,0.0006089861592784666,-0.0016721999634209488,-0.00443167023238895,0.0012622626596705637,OOS_T2_2017_2024
2021-08,2021-08-31,2021-08-27,T+2,2,2,4,0.0024392179385588353,0.003442409487443676,0.008940830017799106,1,39,0.0015928446465476565,0.0005069650051041994,0.0008463732920111788,0.008433865012694906,OOS_T2_2017_2024
2021-09,2021-09-30,2021-09-28,T+2,2,2,1,0.00019798488186761887,0.0011989335156497027,-0.020151810106230794,2,26,0.0011958037588818628,0.00043399554022428735,-0.000997818877014244,-0.020585805646455083,OOS_T2_2017_2024
2021-10,2021-10-29,2021-10-27,T+2,2,2,2,0.012424661272172788,0.013437845758469624,-0.004430146089341225,3,25,0.004944144907663688,0.0037884989430158676,0.0074805163645090995,-0.008218645032357093,OOS_T2_2017_2024
2021-11,2021-11-30,2021-11-26,T+2,2,2,4,-0.019435702682588096,-0.01845440247145913,-0.022303002837901764,1,39,0.0015928446465476565,0.0005069650051041994,-0.02102854732913575,-0.022809967843005964,OOS_T2_2017_2024
2021-12,2021-12-31,2021-12-29,T+2,2,2,2,-0.0005183865163626011,0.0004818452083843461,0.0012791777262026738,5,33,-0.00861999092974007,-0.002543918794138101,0.00810160441337747,0.0038230965203407746,OOS_T2_2017_2024
2022-01,2022-01-31,2022-01-27,T+2,2,2,3,0.04929323719178624,0.05034331792388058,-0.004938219921055698,3,29,0.004755184733262422,0.00021699765059087658,0.044538052458523825,-0.005155217571646574,OOS_T2_2017_2024
2022-02,2022-02-28,2022-02-24,T+2,2,2,3,0.0029188491490172996,0.003922520689076059,0.015049138676497487,5,33,-0.006775616759318007,-0.0061010478352543866,0.009694465908335306,0.02115018651175187,OOS_T2_2017_2024
2022-03,2022-03-31,2022-03-29,T+2,2,2,1,-0.019678855241840876,-0.018697798365757134,0.012371018360407549,5,36,-0.008129436718768266,0.008433240785701531,-0.01154941852307261,0.003937777574706017,OOS_T2_2017_2024
2022-04,2022-04-29,2022-04-27,T+2,2,2,2,-0.0076793152794525366,-0.006686249857748017,0.0028119086516456004,5,33,-0.00861999092974007,-0.002543918794138101,0.0009406756502875341,0.005355827445783701,OOS_T2_2017_2024
2022-05,2022-05-31,2022-05-26,T+2,2,2,3,0.009549577620340033,0.01055988486523396,0.01998124532907375,5,33,-0.006775616759318007,-0.0061010478352543866,0.01632519437965804,0.026082293164328134,OOS_T2_2017_2024
2022-06,2022-06-30,2022-06-28,T+2,2,2,1,0.0005486940263521589,0.0015499936324860908,-0.020432866103627823,5,36,-0.008129436718768266,0.008433240785701531,0.008678130745120425,-0.028866106889329356,OOS_T2_2017_2024
2022-07,2022-07-29,2022-07-27,T+2,2,2,2,0.023237668565545544,0.02426167417430114,0.025966509251849734,3,25,0.004944144907663688,0.0037884989430158676,0.018293523657881856,0.022178010308833866,OOS_T2_2017_2024
2022-08,2022-08-31,2022-08-29,T+2,2,2,0,-0.016408030831810416,-0.015423700676561958,-0.006612190692082298,3,26,0.0028783223007560884,0.00027609312931925906,-0.019286353132566506,-0.006888283821401557,OOS_T2_2017_2024
2022-09,2022-09-30,2022-09-28,T+2,2,2,2,-0.01156843286319742,-0.010579259477860536,0.019676276565755213,4,29,0.0009967028755264566,0.0007484353149142396,-0.012565135738723877,0.018927841250840974,OOS_T2_2017_2024
2022-10,2022-10-31,2022-10-27,T+2,2,2,3,0.010936269832414691,0.011947964810233636,-0.005340202986609643,5,33,-0.006775616759318007,-0.0061010478352543866,0.017711886591732697,0.0007608448486447431,OOS_T2_2017_2024
2022-11,2022-11-30,2022-11-28,T+2,2,2,0,0.027942692672898062,0.02897140683688315,-0.015957170592706293,4,30,-4.326367976513386e-05,0.0033317061622931132,0.027985956352663197,-0.019288876754999407,OOS_T2_2017_2024
2022-12,2022-12-30,2022-12-28,T+2,2,2,2,0.010033631265190968,0.011044422927012132,-0.01242790369609903,2,24,0.0006089861592784666,-0.0016721999634209488,0.009424645105912502,-0.010755703732678082,OOS_T2_2017_2024
2023-01,2023-01-31,2023-01-27,T+2,2,2,4,0.011608442706486644,0.01262081036164564,0.0022976512038044294,1,39,0.0015928446465476565,0.0005069650051041994,0.010015598059938987,0.00179068619870023,OOS_T2_2017_2024
2023-02,2023-02-28,2023-02-24,T+2,2,2,4,-0.005133091008158286,-0.004137477451240268,-0.01068231149476262,1,39,0.0015928446465476565,0.0005069650051041994,-0.006725935654705943,-0.01118927649986682,OOS_T2_2017_2024
2023-03,2023-03-31,2023-03-29,T+2,2,2,2,0.022895568115735232,0.023919231367294458,0.014534967804499699,2,24,0.0006089861592784666,-0.0016721999634209488,0.022286581956456764,0.01620716776792065,OOS_T2_2017_2024
2023-04,2023-04-28,2023-04-26,T+2,2,2,2,0.02654703743800546,0.027574354899315923,-0.004235531068109366,1,39,0.0004484957888519513,-0.0009965441513866478,0.026098541649153508,-0.0032389869167227183,OOS_T2_2017_2024
2023-05,2023-05-31,2023-05-26,T+2,2,2,4,0.00328147343940155,0.0042855078759003185,0.01295076887575397,1,39,0.0015928446465476565,0.0005069650051041994,0.0016886287928538934,0.01244380387064977,OOS_T2_2017_2024
2023-06,2023-06-30,2023-06-28,T+2,2,2,2,0.015940655052402164,0.016957358171233672,0.0005044707069170595,1,39,0.0004484957888519513,-0.0009965441513866478,0.015492159263550213,0.0015010148583037074,OOS_T2_2017_2024
2023-07,2023-07-31,2023-07-27,T+2,2,2,3,0.007809246420444005,0.008817812028018901,-0.006629920607709838,1,43,0.0013861960340731355,0.001160680746575351,0.006423050386370869,-0.007790601354285189,OOS_T2_2017_2024
2023-08,2023-08-31,2023-08-29,T+2,2,2,1,0.0035154482252293118,0.004519716812112051,0.014454648421340144,2,26,0.0011958037588818628,0.00043399554022428735,0.002319644466347449,0.014020652881115857,OOS_T2_2017_2024
2023-09,2023-09-29,2023-09-27,T+2,2,2,2,0.0019546982513558575,0.0029574049169214245,0.0003991541676502397,2,24,0.0006089861592784666,-0.0016721999634209488,0.001345712092077391,0.0020713541310711887,OOS_T2_2017_2024
2023-10,2023-10-31,2023-10-27,T+2,2,2,4,0.028142194623429706,0.029171108439091542,-0.004532794976839338,3,28,0.00046052909544732387,0.0023473121817361837,0.02768166552798238,-0.006880107158575522,OOS_T2_2017_2024
2023-11,2023-11-30,2023-11-28,T+2,2,2,1,0.008157375142828993,0.009166289140396966,0.000990164362688839,2,26,0.0011958037588818628,0.00043399554022428735,0.006961571383947131,0.0005561688224645517,OOS_T2_2017_2024
2023-12,2023-12-29,2023-12-27,T+2,2,2,2,-0.009092383744346622,-0.008100732451615245,0.001808217976337012,1,39,0.0004484957888519513,-0.0009965441513866478,-0.009540879533198572,0.00280476212772366,OOS_T2_2017_2024
2024-01,2024-01-31,2024-01-29,T+2,2,2,0,-0.005208954467506022,-0.0042134168309829745,0.007919251746646427,1,40,-0.0011626851811657097,0.0015878134370631153,-0.0040462692863403125,0.006331438309583312,OOS_T2_2017_2024
2024-02,2024-02-29,2024-02-27,T+2,2,2,1,0.010666745404238176,0.011678170655350817,0.0018576899269169278,4,33,-0.0021742318364364414,0.0021483590365861636,0.012840977240674617,-0.00029066910966923584,OOS_T2_2017_2024
2024-03,2024-03-28,2024-03-26,T+2,2,2,1,0.0054509643247360184,0.006457169880323743,-0.001846904023916296,1,44,-0.0017429307651103147,-0.0006482236760481249,0.007193895089846333,-0.001198680347868171,OOS_T2_2017_2024
2024-04,2024-04-30,2024-04-26,T+2,2,2,4,-0.016547070673867514,-0.015562879662810558,0.009473955296774195,4,36,0.003769219625936617,0.0025116312264792415,-0.02031629029980413,0.006962324070294953,OOS_T2_2017_2024
2024-05,2024-05-31,2024-05-30,T+1,1,1,3,0.01004929437337454,0.011060101710059111,-0.006633806782808005,1,13,0.0013410002507161427,0.0005803458293612413,0.008708294122658397,-0.0072141526121692464,OOS_T1_2024_2026
2024-06,2024-06-28,2024-06-27,T+1,1,1,3,0.0038275603091662003,0.004832141242373078,0.0015765874637472255,1,13,0.0013410002507161427,0.0005803458293612413,0.002486560058450058,0.0009962416343859842,OOS_T1_2024_2026
2024-07,2024-07-31,2024-07-30,T+1,1,1,1,-0.017772551911096057,-0.01678958730100033,-0.005066259891095437,5,14,0.012704651373652414,0.00014682131205362436,-0.03047720328474847,-0.005213081203149061,OOS_T1_2024_2026
2024-08,2024-08-30,2024-08-29,T+1,1,1,3,-0.01423979130166364,-0.013253291279620605,8.96391603089075e-05,5,15,0.013012522393854132,0.0029387412099001714,-0.027252313695517772,-0.002849102049591264,OOS_T1_2024_2026
2024-09,2024-09-30,2024-09-27,T+1,1,1,4,-0.005562281211110465,-0.0045670971665028315,-0.0014503999865576045,4,8,-5.0831527716926894e-05,0.001439825216420873,-0.005511449683393538,-0.0028902252029784775,OOS_T1_2024_2026
2024-10,2024-10-31,2024-10-30,T+1,1,1,2,-0.018568158869541107,-0.017585990463507173,-0.0030251009100419335,1,13,0.003046304059022159,-0.0011543977002951118,-0.021614462928563265,-0.0018707032097468217,OOS_T1_2024_2026
2024-11,2024-11-29,2024-11-27,T+1,1,1,2,0.007474947113036423,0.00848317817041222,-0.0030302312032725043,5,17,0.008304342502130335,0.009276089960055618,-0.0008293953890939117,-0.012306321163328122,OOS_T1_2024_2026
2024-12,2024-12-31,2024-12-30,T+1,1,1,0,0.005335089654842529,0.0063411792487964025,-0.011411681658586303,5,16,0.009135310304329736,0.002742200703676402,-0.003800220649487207,-0.014153882362262706,OOS_T1_2024_2026
2025-01,2025-01-31,2025-01-30,T+1,1,1,3,-0.0063823604451458404,-0.005387997095241959,0.0053669664194127,4,7,0.0030451317600847755,0.0001697181863513007,-0.009427492205230616,0.005197248233061399,OOS_T1_2024_2026
2025-02,2025-02-28,2025-02-27,T+1,1,1,3,-0.014984599006081956,-0.01399884435072174,-0.015961874391830944,2,9,-0.001204344359244004,-0.0002943298179811525,-0.013780254646837952,-0.015667544573849793,OOS_T1_2024_2026
2025-03,2025-03-31,2025-03-28,T+1,1,1,4,0.014929348507803475,0.01594503956110449,-0.02013821636098234,5,14,0.006457934389879897,0.0053535592683021105,0.008471414117923577,-0.025491775629284452,OOS_T1_2024_2026
2025-04,2025-04-30,2025-04-29,T+1,1,1,1,0.02141968890809509,0.022441875172799053,0.006299374906016286,5,14,0.012704651373652414,0.00014682131205362436,0.008715037534442678,0.006152553593962662,OOS_T1_2024_2026
2025-05,2025-05-30,2025-05-29,T+1,1,1,3,0.009226366925784601,0.010236350717414133,0.003947532195898162,4,7,0.0030451317600847755,0.0001697181863513007,0.006181235165699826,0.0037778140095468616,OOS_T1_2024_2026
2025-06,2025-06-30,2025-06-27,T+1,1,1,4,0.008000763842589853,0.009009521111320806,0.0049682229073719775,1,16,-0.002720339729026855,-0.001602253705051862,0.010721103571616708,0.0065704766124238395,OOS_T1_2024_2026
2025-07,2025-07-31,2025-07-30,T+1,1,1,2,-0.006180215762247587,-0.005185650115951179,-0.001259380470896465,1,13,0.003046304059022159,-0.0011543977002951118,-0.009226519821269746,-0.00010498277060135334,OOS_T1_2024_2026
2025-08,2025-08-29,2025-08-28,T+1,1,1,3,-0.008974346784412668,-0.007982577366134613,0.003541412018451817,2,9,-0.001204344359244004,-0.0002943298179811525,-0.007770002425168664,0.00383574183643297,OOS_T1_2024_2026
2025-09,2025-09-30,2025-09-29,T+1,1,1,0,0.007339156141621173,0.008347251306114245,0.002810434169152165,1,14,-0.0027858682435109978,0.0026164095203650073,0.01012502438513217,0.00019402464878715778,OOS_T1_2024_2026
2025-10,2025-10-31,2025-10-30,T+1,1,1,3,-0.007744698123545057,-0.006751698133754425,-0.010998124123417385,3,6,-0.0005093892371506222,-0.002832257991612186,-0.0072353088863944355,-0.0081658661318052,OOS_T1_2024_2026
2025-11,2025-11-28,2025-11-26,T+1,1,1,2,0.001719317789254049,0.002721788897704469,0.006903450491409613,4,8,-0.0009376160873565409,-0.0006091324352953814,0.00265693387661059,0.007512582926704994,OOS_T1_2024_2026
2025-12,2025-12-31,2025-12-30,T+1,1,1,1,3.2637179096628444e-05,0.0010334203410824472,-0.001221116197679395,1,17,-0.0008808435681406004,-0.0021055359160114546,0.0009134807472372288,0.0008844197183320596,OOS_T1_2024_2026
2026-01,2026-01-30,2026-01-29,T+1,1,1,3,-0.007491423315719392,-0.006498169861038128,-0.0019843514508082194,2,9,-0.001204344359244004,-0.0002943298179811525,-0.006287078956475388,-0.001690021632827067,OOS_T1_2024_2026
2026-02,2026-02-27,2026-02-26,T+1,1,1,3,-0.013999898711534398,-0.013013158616861698,-0.0055544827571518685,3,6,-0.0005093892371506222,-0.002832257991612186,-0.013490509474383775,-0.0027222247655396825,OOS_T1_2024_2026
2026-03,2026-03-31,2026-03-30,T+1,1,1,0,0.036717571151202,0.037755066779214363,-0.003343469515220132,4,7,-0.004642686769996003,0.0007904428513987792,0.041360257921198004,-0.0041339123666189114,OOS_T1_2024_2026
2026-04,2026-04-30,2026-04-29,T+1,1,1,2,0.00802743436379405,0.00903621832306234,-0.0001546344034137892,4,8,-0.0009376160873565409,-0.0006091324352953814,0.008965050451150591,0.0004544980318815922,OOS_T1_2024_2026
2026-05,2026-05-29,2026-05-28,T+1,1,1,3,0.005580013083231972,0.006586347784429236,0.005516626676954184,2,9,-0.001204344359244004,-0.0002943298179811525,0.0067843574424759755,0.005810956494935337,OOS_T1_2024_2026
2026-06,2026-06-30,2026-06-29,T+1,1,1,0,0.004096437955427357,0.005101287968073187,0.01647481275894025,5,16,0.009135310304329736,0.002742200703676402,-0.005038872348902379,0.013732612055263847,OOS_T1_2024_2026
2026-07,2026-07-31,2026-07-30,T+1,1,1,3,0.03892309793453497,0.03996280074457914,0.01676574369337569,2,9,-0.001204344359244004,-0.0002943298179811525,0.04012744229377897,0.01706007351135684,OOS_T1_2024_2026
2026-08,2026-08-31,2026-08-28,T+1,1,1,4,-0.006440468003683919,-0.005446162804948362,-0.0022694869107554583,2,9,0.0011962257396120274,-0.00012611463935907619,-0.0076366937432959464,-0.002143372271396382,OOS_T1_2024_2026
2026-09,2026-09-30,2026-09-29,T+1,1,1,1,0.0061116916542214295,0.007118558433014677,-0.0018416336927525867,2,9,-7.423098901188702e-05,-7.31208248757979e-05,0.006185922643233316,-0.0017685128678767887,OOS_T1_2024_2026
