year,events,mean_excess_net3,sum_excess_net3,positive_excess_rate
1995,7,0.004254888936691816,0.029784222556842713,0.8571428571428571
1996,12,-0.004272621022348045,-0.05127145226817654,0.3333333333333333
1997,12,0.0033671954697071828,0.04040634563648619,0.5833333333333334
1998,12,-0.008084377702140877,-0.09701253242569052,0.4166666666666667
1999,12,-0.0002843793571175632,-0.0034125522854107585,0.5
2000,12,0.0013345993441793967,0.01601519213015276,0.5
2001,12,-0.003935188536753001,-0.04722226244103601,0.4166666666666667
2002,12,-0.002456454074550978,-0.029477448894611735,0.3333333333333333
2003,12,0.0030576146031965437,0.036691375238358526,0.6666666666666666
2004,12,0.0023298388771044102,0.02795806652525292,0.5833333333333334
2005,12,0.0032598630032428353,0.039118356038914025,0.75
2006,12,0.0027779525134344475,0.03333543016121337,0.5833333333333334
2007,12,0.002719766039212594,0.03263719247055113,0.5833333333333334
2008,12,0.005117137068286912,0.06140564481944294,0.5833333333333334
2009,12,-0.010089152971759878,-0.12106983566111854,0.3333333333333333
2010,12,-0.005623056274068245,-0.06747667528881894,0.3333333333333333
2011,12,0.00966267288854891,0.11595207466258693,0.6666666666666666
2012,12,0.004143925427772059,0.049727105133264705,0.5
2013,12,0.0014900217681594991,0.01788026121791399,0.5833333333333334
2014,12,0.000733500811521323,0.008802009738255876,0.5833333333333334
2015,12,-0.0034138707648518098,-0.04096644917822172,0.4166666666666667
2016,12,0.003867998902561681,0.04641598683074017,0.5
2017,12,0.00023542329307981206,0.0028250795169577447,0.4166666666666667
2018,12,0.0027589949011194367,0.03310793881343324,0.5833333333333334
2019,12,0.0011939704102097348,0.014327644922516819,0.5833333333333334
2020,12,0.0023399614324620907,0.028079537189545086,0.5833333333333334
2021,12,0.0001555475519838223,0.0018665706238058678,0.5833333333333334
2022,12,0.009182635287979366,0.11019162345575238,0.75
2023,12,0.008670528199231172,0.10404633839077407,0.8333333333333334
2024,12,-0.0068848232254432665,-0.0826178787053192,0.3333333333333333
2025,12,2.8720951146780406e-05,0.00034465141376136487,0.5833333333333334
2026,9,0.007885541803197707,0.07096987622877937,0.5555555555555556
