local_experiment_id,underlying,target_delta,target_dte,allocation,slippage_bps,execution_proxy,evidence_label,start,end,days,terminal_value,total_return,cagr,ann_vol,sharpe_0rf,max_drawdown,entries,rolls,resized_entries,rejected_entries,no_candidate_days,missing_mark_days,intrinsic_exit_count,missing_next_close_entry_rejections,min_portfolio_value,max_daily_gain,worst_daily_return,p99_abs_daily_return,daily_abs_return_gt_50pct
LEOD001,QQQ,0.7,365,0.25,0,signal_close_to_next_close_quote_side,FREE_DISCOVERY_LOCAL_EOD_PROXY,2012-01-03,2025-12-15,3509,14796864.20949895,13.796864209498949,0.21307329445441447,0.23897197701532524,0.92993752848653,-0.3840661322065332,29,28,19,0,0,8,0,0,997815.8,0.15268313015908297,-0.13942923214062053,0.04550517277942122,0
LEOD002,QQQ,0.7,365,0.25,5,signal_close_to_next_close_quote_side,FREE_DISCOVERY_LOCAL_EOD_PROXY,2012-01-03,2025-12-15,3509,14684785.302206127,13.684785302206127,0.21241226787744005,0.23895121601884897,0.9277101992850418,-0.38438939981838693,29,28,19,0,0,8,0,0,997691.582,0.15254704003908381,-0.13932239470620034,0.045482094443587015,0
LEOD003,QQQ,0.7,365,0.25,10,signal_close_to_next_close_quote_side,FREE_DISCOVERY_LOCAL_EOD_PROXY,2012-01-03,2025-12-15,3509,14562756.502565691,13.56275650256569,0.21168721121012313,0.23883699295598884,0.9255276653307258,-0.38417479554526257,29,28,20,0,0,8,0,0,997567.3640000001,0.1527114273285861,-0.1394514842105934,0.04545617349080075,0
LEOD004,QQQ,0.7,365,0.5,0,signal_close_to_next_close_quote_side,FREE_DISCOVERY_LOCAL_EOD_PROXY,2012-01-03,2025-12-15,3509,90945086.7755048,89.94508677550479,0.3817224941618629,0.47734427607678476,0.9180188732951114,-0.6640123910936817,29,28,19,0,0,8,0,0,995631.6000000001,0.33880874525300064,-0.2642968917949168,0.09573408660234804,0
LEOD005,QQQ,0.7,365,0.5,5,signal_close_to_next_close_quote_side,FREE_DISCOVERY_LOCAL_EOD_PROXY,2012-01-03,2025-12-15,3509,89611817.20602751,88.61181720602751,0.3802603885643516,0.47734045828931454,0.9157956074886469,-0.664352182115971,29,28,20,0,0,8,0,0,995383.1640000001,0.33916422141144387,-0.2645008111160235,0.09569252120742479,0
LEOD006,QQQ,0.7,365,0.5,10,signal_close_to_next_close_quote_side,FREE_DISCOVERY_LOCAL_EOD_PROXY,2012-01-03,2025-12-15,3509,88222928.04008189,87.22292804008188,0.3787156544999828,0.47732134643511664,0.9134594908929282,-0.6647320549414377,29,28,20,0,0,8,0,0,995134.7280000001,0.33913977096550885,-0.2644868136593088,0.09566185356478853,0
LEOD007,QQQ,0.7,365,1.0,0,signal_close_to_next_close_quote_side,FREE_DISCOVERY_LOCAL_EOD_PROXY,2012-01-03,2025-12-15,3509,130732243.30000003,129.73224330000002,0.41813995931460846,1.150918033394321,0.8575582425362097,-0.98171876271256,29,28,20,0,0,8,0,0,989097.4500000005,1.0732920280661946,-0.47873089892944354,0.25932198864013656,3
LEOD008,QQQ,0.7,365,1.0,5,signal_close_to_next_close_quote_side,FREE_DISCOVERY_LOCAL_EOD_PROXY,2012-01-03,2025-12-15,3509,127203882.40250023,126.20388240250023,0.41536115986373034,1.1512996709397851,0.8558664373312213,-0.981774413184683,29,28,20,0,0,8,0,0,987334.5445000003,1.0760731237961298,-0.47897663010562097,0.2593136342694853,3
LEOD009,QQQ,0.7,365,1.0,10,signal_close_to_next_close_quote_side,FREE_DISCOVERY_LOCAL_EOD_PROXY,2012-01-03,2025-12-15,3509,123757156.31600018,122.75715631600018,0.4125766835231801,1.1516777405273646,0.8541608257196001,-0.9818242313817167,29,28,20,0,0,8,0,0,985696.1160000003,1.0790259287056383,-0.47916020032302675,0.25927310021396155,3
LEOD010,QQQ,0.7,548,0.25,0,signal_close_to_next_close_quote_side,FREE_DISCOVERY_LOCAL_EOD_PROXY,2012-01-03,2025-12-15,3509,9927753.999238782,8.927753999238782,0.17885987161747186,0.20570711550061743,0.9049276807578365,-0.33930945474509144,28,27,16,0,0,44,1,0,996541.55,0.14944414368611092,-0.1368817051832969,0.038229035659793895,0
LEOD011,QQQ,0.7,548,0.25,5,signal_close_to_next_close_quote_side,FREE_DISCOVERY_LOCAL_EOD_PROXY,2012-01-03,2025-12-15,3509,9843023.299938474,8.843023299938475,0.17813572834576008,0.2056473891008759,0.9021352985599403,-0.3392773132777853,28,27,16,0,0,44,1,0,996417.5455,0.14922651169016277,-0.13670981263944126,0.03817794134029667,0
LEOD012,QQQ,0.7,548,0.25,10,signal_close_to_next_close_quote_side,FREE_DISCOVERY_LOCAL_EOD_PROXY,2012-01-03,2025-12-15,3509,9782666.252194092,8.782666252194092,0.17761635453534108,0.20568490782333193,0.8998582224778042,-0.33932440297302946,28,27,16,0,0,44,1,0,996293.5410000001,0.14939938121988416,-0.1368463910741159,0.03821997247600551,0
LEOD013,QQQ,0.7,548,0.5,0,signal_close_to_next_close_quote_side,FREE_DISCOVERY_LOCAL_EOD_PROXY,2012-01-03,2025-12-15,3509,53306893.22467396,52.306893224673956,0.32980978537859507,0.4143896438779002,0.8970873621468338,-0.591156615797517,28,27,17,0,0,44,1,0,993069.95,0.3387218726681376,-0.2642507746780127,0.07909214134092178,0
LEOD014,QQQ,0.7,548,0.5,5,signal_close_to_next_close_quote_side,FREE_DISCOVERY_LOCAL_EOD_PROXY,2012-01-03,2025-12-15,3509,52586500.61926228,51.58650061926228,0.32851332022984403,0.4144036265286152,0.8947096884592564,-0.5914366753702733,28,27,17,0,0,44,1,0,992821.4695,0.3388226244357324,-0.26430860975855264,0.07902074702840212,0
LEOD015,QQQ,0.7,548,0.5,10,signal_close_to_next_close_quote_side,FREE_DISCOVERY_LOCAL_EOD_PROXY,2012-01-03,2025-12-15,3509,51824662.29797451,50.82466229797451,0.32712420465022096,0.4143915123923573,0.8921928961732417,-0.5919092340801531,28,27,17,0,0,44,1,0,992572.9890000001,0.33863976120239325,-0.2642037039844525,0.07901121579011113,0
LEOD016,QQQ,0.7,548,1.0,0,signal_close_to_next_close_quote_side,FREE_DISCOVERY_LOCAL_EOD_PROXY,2012-01-03,2025-12-15,3509,571914775.3999999,570.9147753999998,0.5764034352786163,0.9644672568309541,0.9380458618816925,-0.8910544650669764,28,27,17,0,0,44,1,0,986126.75,0.921403322416867,-0.49405187569399844,0.18809342284362895,4
LEOD017,QQQ,0.7,548,1.0,5,signal_close_to_next_close_quote_side,FREE_DISCOVERY_LOCAL_EOD_PROXY,2012-01-03,2025-12-15,3509,557241682.2620003,556.2416822620003,0.5734689572001861,0.9647707915093163,0.9360842084605117,-0.8914006519460131,28,27,17,0,0,44,1,0,985642.939,0.9214798483592153,-0.49407263532525236,0.18808857332850507,4
LEOD018,QQQ,0.7,548,1.0,10,signal_close_to_next_close_quote_side,FREE_DISCOVERY_LOCAL_EOD_PROXY,2012-01-03,2025-12-15,3509,542902146.4400005,541.9021464400005,0.5705310459648831,0.9650914762288004,0.9341224381640699,-0.8917547664817826,28,27,17,0,0,44,1,0,985145.9780000001,0.9213582451436997,-0.4940396465262439,0.18808992608421357,4
LEOD019,QQQ,0.7,730,0.25,0,signal_close_to_next_close_quote_side,FREE_DISCOVERY_LOCAL_EOD_PROXY,2012-01-03,2025-12-15,3509,6463985.16419712,5.46398516419712,0.14314966100435655,0.19349850301830754,0.7901373336407163,-0.3135425383577062,28,27,16,0,0,50,1,0,960329.7065353792,0.1345579517781983,-0.1322944978942493,0.03719543259348974,0
LEOD020,QQQ,0.7,730,0.25,5,signal_close_to_next_close_quote_side,FREE_DISCOVERY_LOCAL_EOD_PROXY,2012-01-03,2025-12-15,3509,6403698.887790827,5.403698887790827,0.14238202644977616,0.1934409858930145,0.7868320392383545,-0.31395981533001593,28,27,16,0,0,50,1,0,959939.3692838871,0.13426514004525925,-0.13204490837865857,0.03707146725430215,0
LEOD021,QQQ,0.7,730,0.25,10,signal_close_to_next_close_quote_side,FREE_DISCOVERY_LOCAL_EOD_PROXY,2012-01-03,2025-12-15,3509,6347407.086494699,5.347407086494699,0.1416591733171808,0.19337770071815735,0.7837461943848767,-0.3143547220574404,28,27,16,0,0,50,1,0,959549.0320323955,0.1344186009238253,-0.1321757645933881,0.037020350688064536,0
LEOD022,QQQ,0.7,730,0.5,0,signal_close_to_next_close_quote_side,FREE_DISCOVERY_LOCAL_EOD_PROXY,2012-01-03,2025-12-15,3509,24476820.830307804,23.476820830307805,0.25764182157286664,0.3919986729294111,0.7830550123321051,-0.552029095882456,28,27,17,0,0,50,1,0,915940.193585295,0.3049377180010586,-0.2566310800331565,0.07687871310956583,0
LEOD023,QQQ,0.7,730,0.5,5,signal_close_to_next_close_quote_side,FREE_DISCOVERY_LOCAL_EOD_PROXY,2012-01-03,2025-12-15,3509,24136854.077018842,23.136854077018842,0.2563814448678108,0.3920090880292335,0.7804798765144001,-0.5524364662107752,28,27,17,0,0,50,1,0,915455.3117680071,0.30518273021517284,-0.2567843116029679,0.07693437718020954,0
LEOD024,QQQ,0.7,730,0.5,10,signal_close_to_next_close_quote_side,FREE_DISCOVERY_LOCAL_EOD_PROXY,2012-01-03,2025-12-15,3509,23800571.191413194,22.800571191413194,0.2551184070864898,0.3920768285702235,0.7778412310224913,-0.5528368873047436,28,27,17,0,0,50,1,0,914665.2799507207,0.3051245425357556,-0.2567479580158576,0.07696839261355706,0
LEOD025,QQQ,0.7,730,1.0,0,signal_close_to_next_close_quote_side,FREE_DISCOVERY_LOCAL_EOD_PROXY,2012-01-03,2025-12-15,3509,158705566.24999994,157.70556624999995,0.4379900969970769,0.9137692455956232,0.8433325546728246,-0.8442074259709526,28,27,17,0,0,50,1,0,813723.8999999999,0.8298406804384342,-0.4842643127823487,0.18721566551162147,4
LEOD026,QQQ,0.7,730,1.0,5,signal_close_to_next_close_quote_side,FREE_DISCOVERY_LOCAL_EOD_PROXY,2012-01-03,2025-12-15,3509,154499229.13400012,153.49922913400013,0.4352236928301567,0.913908462011168,0.8412348500789333,-0.8445129906220837,28,27,18,0,0,50,1,0,812249.7670000002,0.8298260022773345,-0.4842598951425827,0.18720987514694473,4
LEOD027,QQQ,0.7,730,1.0,10,signal_close_to_next_close_quote_side,FREE_DISCOVERY_LOCAL_EOD_PROXY,2012-01-03,2025-12-15,3509,150505808.87100017,149.50580887100017,0.4325318428159237,0.9141390446381508,0.8391925587341988,-0.8448392854559312,28,27,18,0,0,50,1,0,810943.4040000003,0.8297541987472872,-0.4842382835703475,0.18721121935286067,4
LEOD028,QQQ,0.8,365,0.25,0,signal_close_to_next_close_quote_side,FREE_DISCOVERY_LOCAL_EOD_PROXY,2012-01-03,2025-12-15,3509,9594593.656860203,8.594593656860203,0.1759786916805961,0.1981988436131546,0.9190451526209561,-0.300161942218535,29,28,16,0,0,8,0,0,997570.3,0.14895447321474853,-0.13711214447761566,0.03932411045902631,0
LEOD029,QQQ,0.8,365,0.25,5,signal_close_to_next_close_quote_side,FREE_DISCOVERY_LOCAL_EOD_PROXY,2012-01-03,2025-12-15,3509,9517729.834802598,8.517729834802598,0.17530079874250126,0.1982475744500437,0.9159516245873177,-0.3004589230362327,29,28,16,0,0,8,0,0,997446.234,0.14912534383732168,-0.13724772530908025,0.039235148812691814,0
LEOD030,QQQ,0.8,365,0.25,10,signal_close_to_next_close_quote_side,FREE_DISCOVERY_LOCAL_EOD_PROXY,2012-01-03,2025-12-15,3509,9445846.855481505,8.445846855481506,0.17466221927560666,0.1981071618597404,0.9137095994753724,-0.30077322471710866,29,28,16,0,0,8,0,0,997322.1680000001,0.1487794685762729,-0.13697329713432183,0.03912099970495823,0
LEOD031,QQQ,0.8,365,0.5,0,signal_close_to_next_close_quote_side,FREE_DISCOVERY_LOCAL_EOD_PROXY,2012-01-03,2025-12-15,3509,47636836.18655842,46.63683618655842,0.3191319909654331,0.40084002512981326,0.8931289719426402,-0.5551069034157108,29,28,16,0,0,8,0,0,995140.6,0.3368070356405706,-0.2641661570992959,0.077984362448228,0
LEOD032,QQQ,0.8,365,0.5,5,signal_close_to_next_close_quote_side,FREE_DISCOVERY_LOCAL_EOD_PROXY,2012-01-03,2025-12-15,3509,46971011.252097756,45.97101125209775,0.3178015817239699,0.4008530009291826,0.8905873103940853,-0.5556565260967996,29,28,16,0,0,8,0,0,994892.468,0.336935161588501,-0.26424009960298045,0.07799765043937644,0
LEOD033,QQQ,0.8,365,0.5,10,signal_close_to_next_close_quote_side,FREE_DISCOVERY_LOCAL_EOD_PROXY,2012-01-03,2025-12-15,3509,46298780.60108271,45.29878060108271,0.3164404927902862,0.40076791927047195,0.8881052270688684,-0.5559997047390572,29,28,16,0,0,8,0,0,994231.3798295156,0.3367799538175509,-0.264150580474914,0.0779734984324832,0
LEOD034,QQQ,0.8,365,1.0,0,signal_close_to_next_close_quote_side,FREE_DISCOVERY_LOCAL_EOD_PROXY,2012-01-03,2025-12-15,3509,171509997.55000004,170.50999755000004,0.44601095621681264,0.9514842726181831,0.8426138758728814,-0.9286513879681001,29,28,16,0,0,8,0,0,932439.8000000002,0.9082524888616177,-0.49176755985911846,0.20336204207044573,3
LEOD035,QQQ,0.8,365,1.0,5,signal_close_to_next_close_quote_side,FREE_DISCOVERY_LOCAL_EOD_PROXY,2012-01-03,2025-12-15,3509,167019588.89600015,166.01958889600016,0.44326338224312267,0.9517822352460664,0.8406005314243364,-0.928850754121826,29,28,16,0,0,8,0,0,930882.7615000005,0.9090677690960758,-0.4919918090620655,0.20333103286836934,3
LEOD036,QQQ,0.8,365,1.0,10,signal_close_to_next_close_quote_side,FREE_DISCOVERY_LOCAL_EOD_PROXY,2012-01-03,2025-12-15,3509,162700228.49200022,161.70022849200024,0.4405549807229687,0.9520168700893942,0.8386216002881081,-0.9290535426526668,29,28,16,0,0,8,0,0,929627.7270000004,0.9097313942934206,-0.49217419831420783,0.2032754718033559,3
LEOD037,QQQ,0.8,548,0.25,0,signal_close_to_next_close_quote_side,FREE_DISCOVERY_LOCAL_EOD_PROXY,2012-01-03,2025-12-15,3509,7647108.410759018,6.647108410759018,0.15700727105244394,0.178512667715482,0.908249743237533,-0.29070229344067855,28,27,16,0,0,33,1,0,997583.95,0.14747466550458999,-0.13593781867198906,0.03313344449518706,0
LEOD038,QQQ,0.8,548,0.25,5,signal_close_to_next_close_quote_side,FREE_DISCOVERY_LOCAL_EOD_PROXY,2012-01-03,2025-12-15,3509,7589318.048642179,6.589318048642179,0.15637824531383648,0.1785326078377805,0.905114617606976,-0.29109081992300356,28,27,16,0,0,33,1,0,997460.1385,0.14707583919332046,-0.13562039341540155,0.03326249734773939,0
LEOD039,QQQ,0.8,548,0.25,10,signal_close_to_next_close_quote_side,FREE_DISCOVERY_LOCAL_EOD_PROXY,2012-01-03,2025-12-15,3509,7536141.86002829,6.53614186002829,0.15579550253617058,0.1785292767559851,0.9022972465289424,-0.2909513846885746,28,27,16,0,0,33,1,0,997336.327,0.1472479044450996,-0.13575739668765596,0.03321893730932297,0
LEOD040,QQQ,0.8,548,0.5,0,signal_close_to_next_close_quote_side,FREE_DISCOVERY_LOCAL_EOD_PROXY,2012-01-03,2025-12-15,3509,35590795.82265677,34.59079582265677,0.2918502909531926,0.3628755479204896,0.8887896474725826,-0.5183718807869596,28,27,16,0,0,33,1,0,995154.25,0.33675099130921815,-0.2641357338488928,0.06889283599906894,0
LEOD041,QQQ,0.8,548,0.5,5,signal_close_to_next_close_quote_side,FREE_DISCOVERY_LOCAL_EOD_PROXY,2012-01-03,2025-12-15,3509,35031409.24844722,34.03140924844722,0.29038399552422733,0.3628496982175719,0.8856919225660405,-0.5189314740026318,28,27,16,0,0,33,1,0,994905.9275,0.33610655954779345,-0.2637637157562064,0.06890321782228966,0
LEOD042,QQQ,0.8,548,0.5,10,signal_close_to_next_close_quote_side,FREE_DISCOVERY_LOCAL_EOD_PROXY,2012-01-03,2025-12-15,3509,34565661.811532184,33.56566181153219,0.28914647429197515,0.3629240549621066,0.8829301931951878,-0.519442208692446,28,27,16,0,0,33,1,0,994657.605,0.3365382337573828,-0.2640129972505587,0.06892706721186943,0
LEOD043,QQQ,0.8,548,1.0,0,signal_close_to_next_close_quote_side,FREE_DISCOVERY_LOCAL_EOD_PROXY,2012-01-03,2025-12-15,3509,367816150.85,366.81615085000004,0.5273014327593182,0.8226609507825348,0.9128410042535542,-0.8087026008763856,28,27,16,0,0,33,1,0,990294.8499999999,0.9371719577510582,-0.4996029092792985,0.15827170467659946,2
LEOD044,QQQ,0.8,548,1.0,5,signal_close_to_next_close_quote_side,FREE_DISCOVERY_LOCAL_EOD_PROXY,2012-01-03,2025-12-15,3509,358041661.6590001,357.0416616590001,0.5243553133061385,0.8230007918912959,0.9104339969004347,-0.8092749728576069,28,27,16,0,0,33,1,0,989811.8550000001,0.9373334452958573,-0.4996459839628207,0.1582976023197138,2
LEOD045,QQQ,0.8,548,1.0,10,signal_close_to_next_close_quote_side,FREE_DISCOVERY_LOCAL_EOD_PROXY,2012-01-03,2025-12-15,3509,348660140.1580003,347.6601401580003,0.5214565578884678,0.8232597345600595,0.9080885350669896,-0.8098363382409927,28,27,16,0,0,33,1,0,989315.2100000001,0.9368007247989381,-0.499503859633851,0.1583103584262135,2
LEOD046,QQQ,0.8,730,0.25,0,signal_close_to_next_close_quote_side,FREE_DISCOVERY_LOCAL_EOD_PROXY,2012-01-03,2025-12-15,3509,5115889.719108123,4.115889719108123,0.12414178485017935,0.16458654818418625,0.7950349216940369,-0.2700603593694122,28,27,15,0,0,50,1,0,977299.9065353791,0.13056002511646736,-0.12393269838245247,0.030631359951769077,0
LEOD047,QQQ,0.8,730,0.25,5,signal_close_to_next_close_quote_side,FREE_DISCOVERY_LOCAL_EOD_PROXY,2012-01-03,2025-12-15,3509,5072907.73468289,4.0729077346828895,0.12346206195331089,0.1644487958166791,0.7918757574243487,-0.27064246174915096,28,27,15,0,0,50,1,0,976909.0732838871,0.1308715393590285,-0.12419140318349253,0.03065648440065505,0
LEOD048,QQQ,0.8,730,0.25,10,signal_close_to_next_close_quote_side,FREE_DISCOVERY_LOCAL_EOD_PROXY,2012-01-03,2025-12-15,3509,5030501.799510559,4.030501799510559,0.12278618908423633,0.1644565752614866,0.7881786835419607,-0.270068704550521,28,27,17,0,0,50,1,0,976518.2400323953,0.13102664231492778,-0.12432016555588832,0.030723178601325646,0
LEOD049,QQQ,0.8,730,0.5,0,signal_close_to_next_close_quote_side,FREE_DISCOVERY_LOCAL_EOD_PROXY,2012-01-03,2025-12-15,3509,17032360.38439797,16.03236038439797,0.22537084648540318,0.3349301969504671,0.7757663287557269,-0.48886634223551095,28,27,15,0,0,50,1,0,951158.8435852949,0.3056060857209124,-0.24858695307996248,0.06321497105843354,0
LEOD050,QQQ,0.8,730,0.5,5,signal_close_to_next_close_quote_side,FREE_DISCOVERY_LOCAL_EOD_PROXY,2012-01-03,2025-12-15,3509,16798740.92430205,15.798740924302049,0.22415821628264454,0.33496611480065963,0.7727571459868899,-0.4894440814707347,28,27,15,0,0,50,1,0,950367.5452680071,0.305437794400357,-0.24848413377657408,0.06320536855503847,0
LEOD051,QQQ,0.8,730,0.5,10,signal_close_to_next_close_quote_side,FREE_DISCOVERY_LOCAL_EOD_PROXY,2012-01-03,2025-12-15,3509,16567588.751670681,15.56758875167068,0.2229428857625766,0.33492868132304476,0.769833623149319,-0.4894630279067419,28,27,16,0,0,50,1,0,949576.2469507206,0.30539560231745555,-0.24845837188850828,0.06313834056758111,0
LEOD052,QQQ,0.8,730,1.0,0,signal_close_to_next_close_quote_side,FREE_DISCOVERY_LOCAL_EOD_PROXY,2012-01-03,2025-12-15,3509,106111540.80000001,105.11154080000001,0.3970846712638827,0.7552974340511328,0.8100671139813088,-0.7814896772095451,28,27,16,0,0,50,1,0,888053.5999999999,0.9096600183899499,-0.49600739649447567,0.15404812937472637,2
LEOD053,QQQ,0.8,730,1.0,5,signal_close_to_next_close_quote_side,FREE_DISCOVERY_LOCAL_EOD_PROXY,2012-01-03,2025-12-15,3509,103380136.66600002,102.38013666600003,0.39447529522178026,0.7555233095763532,0.8075653807078512,-0.7819206905840145,28,27,17,0,0,50,1,0,886599.6255000001,0.9098280422774068,-0.4960535669808852,0.15406704849217895,2
LEOD054,QQQ,0.8,730,1.0,10,signal_close_to_next_close_quote_side,FREE_DISCOVERY_LOCAL_EOD_PROXY,2012-01-03,2025-12-15,3509,100732777.65500006,99.73277765500006,0.3918844002875499,0.7558733682973884,0.8050595268158036,-0.7823556865175842,28,27,17,0,0,50,1,0,885313.8600000003,0.9104766736353558,-0.4962317219810962,0.15413038618290809,2
LEOD055,QQQ,0.9,365,0.25,0,signal_close_to_next_close_quote_side,FREE_DISCOVERY_LOCAL_EOD_PROXY,2012-01-03,2025-12-15,3509,6271955.97527583,5.27195597527583,0.1406809010415262,0.15883191547721312,0.9100461251893374,-0.24144301681173175,28,27,15,0,0,96,1,0,990146.2,0.15372504562881084,-0.13434634111306154,0.03005634596205371,0
LEOD056,QQQ,0.9,365,0.25,5,signal_close_to_next_close_quote_side,FREE_DISCOVERY_LOCAL_EOD_PROXY,2012-01-03,2025-12-15,3509,6209317.12718177,5.20931712718177,0.13986041256782733,0.15875800422494277,0.9058513735605064,-0.2427329331231468,28,27,17,0,0,96,1,0,990021.922,0.1540209038060949,-0.13456988988263463,0.03008910581992837,0
LEOD057,QQQ,0.9,365,0.25,10,signal_close_to_next_close_quote_side,FREE_DISCOVERY_LOCAL_EOD_PROXY,2012-01-03,2025-12-15,3509,6172279.652791646,5.172279652791646,0.13937164702914995,0.1588809258738585,0.9025689802069625,-0.24166603743719994,28,27,16,0,0,96,1,0,989974.177,0.1532335232174331,-0.13397475663143643,0.02997024882829416,0
LEOD058,QQQ,0.9,365,0.5,0,signal_close_to_next_close_quote_side,FREE_DISCOVERY_LOCAL_EOD_PROXY,2012-01-03,2025-12-15,3509,24365912.63925609,23.36591263925609,0.2572324414839513,0.32442994413625387,0.8689299253474798,-0.4618990755033541,28,27,17,0,0,96,1,0,980292.4,0.3515577444938607,-0.26179774121651633,0.0607537212070378,0
LEOD059,QQQ,0.9,365,0.5,5,signal_close_to_next_close_quote_side,FREE_DISCOVERY_LOCAL_EOD_PROXY,2012-01-03,2025-12-15,3509,24035253.407095406,23.035253407095407,0.25600157621940833,0.32436812971539186,0.8660055125571421,-0.46256957937268384,28,27,17,0,0,96,1,0,980043.844,0.3515534086821932,-0.26179537736810454,0.06074146140827615,0
LEOD060,QQQ,0.9,365,0.5,10,signal_close_to_next_close_quote_side,FREE_DISCOVERY_LOCAL_EOD_PROXY,2012-01-03,2025-12-15,3509,23704047.389613688,22.704047389613688,0.25475281511186143,0.32441695013402544,0.8628451507749973,-0.4628845602745131,28,27,17,0,0,96,1,0,979871.821,0.35187078277773876,-0.2619697707379348,0.06071120581059357,0
LEOD061,QQQ,0.9,365,1.0,0,signal_close_to_next_close_quote_side,FREE_DISCOVERY_LOCAL_EOD_PROXY,2012-01-03,2025-12-15,3509,143927895.89999998,142.92789589999998,0.42794981520558295,0.7312724653442199,0.8398852425258905,-0.8122303015184051,28,27,17,0,0,96,1,0,960584.8,0.9849940347556976,-0.4983053592339227,0.14549969781324992,2
LEOD062,QQQ,0.9,365,1.0,5,signal_close_to_next_close_quote_side,FREE_DISCOVERY_LOCAL_EOD_PROXY,2012-01-03,2025-12-15,3509,140271827.14650008,139.27182714650007,0.4253183164917813,0.7314263025853567,0.8373322059629719,-0.8128216263787131,28,27,17,0,0,96,1,0,960087.6880000001,0.9846750851053221,-0.4982243949216265,0.14560520113974837,2
LEOD063,QQQ,0.9,365,1.0,10,signal_close_to_next_close_quote_side,FREE_DISCOVERY_LOCAL_EOD_PROXY,2012-01-03,2025-12-15,3509,136689786.48900008,135.68978648900008,0.4226776082419541,0.7315086106129688,0.8347915560265902,-0.8133236383813717,28,27,17,0,0,96,1,0,959667.1090000002,0.9839294708352386,-0.4980350212198431,0.14569312750912775,2
LEOD064,QQQ,0.9,548,0.25,0,signal_close_to_next_close_quote_side,FREE_DISCOVERY_LOCAL_EOD_PROXY,2012-01-03,2025-12-15,3509,5304460.810591362,4.304460810591363,0.12706257876618765,0.15110506272018395,0.8689552912095205,-0.2196896228021198,28,27,15,0,0,121,2,0,990146.2,0.15372504562881084,-0.13434634111306154,0.028482711453719486,0
LEOD065,QQQ,0.9,548,0.25,5,signal_close_to_next_close_quote_side,FREE_DISCOVERY_LOCAL_EOD_PROXY,2012-01-03,2025-12-15,3509,5273178.7349565355,4.273178734956535,0.12658478546592855,0.151158739073271,0.8658872648649447,-0.21911469300544129,28,27,16,0,0,121,2,0,990021.922,0.1540209038060949,-0.13456988988263463,0.028572301192077338,0
LEOD066,QQQ,0.9,548,0.25,10,signal_close_to_next_close_quote_side,FREE_DISCOVERY_LOCAL_EOD_PROXY,2012-01-03,2025-12-15,3509,5222721.956531817,4.222721956531817,0.12580855013958758,0.15090118363235452,0.8625300603758046,-0.2196381509307891,28,27,16,0,0,121,2,0,989974.177,0.1532335232174331,-0.13397475663143643,0.028480197326884237,0
LEOD067,QQQ,0.9,548,0.5,0,signal_close_to_next_close_quote_side,FREE_DISCOVERY_LOCAL_EOD_PROXY,2012-01-03,2025-12-15,3509,19102562.98878107,18.10256298878107,0.23548878357160064,0.30983200569612973,0.838403531945443,-0.4077365996722687,28,27,16,0,0,121,2,0,980292.4,0.3515577444938607,-0.26179774121651633,0.05886027967937498,0
LEOD068,QQQ,0.9,548,0.5,5,signal_close_to_next_close_quote_side,FREE_DISCOVERY_LOCAL_EOD_PROXY,2012-01-03,2025-12-15,3509,18850040.56789707,17.85004056789707,0.23431070981986513,0.3100244210727558,0.8349893478540682,-0.40840144594792227,28,27,16,0,0,121,2,0,980043.844,0.3515534086821932,-0.26179537736810454,0.05879802084904404,0
LEOD069,QQQ,0.9,548,0.5,10,signal_close_to_next_close_quote_side,FREE_DISCOVERY_LOCAL_EOD_PROXY,2012-01-03,2025-12-15,3509,18569117.274807543,17.569117274807542,0.23298279960478174,0.3099169607528733,0.8316854360039527,-0.40903219520507383,28,27,16,0,0,121,2,0,979871.821,0.35187078277773876,-0.2619697707379348,0.05875574454657403,0
LEOD070,QQQ,0.9,548,1.0,0,signal_close_to_next_close_quote_side,FREE_DISCOVERY_LOCAL_EOD_PROXY,2012-01-03,2025-12-15,3509,148077501.1,147.0775011,0.4308623870772321,0.6983508507834101,0.8485801038021383,-0.7301901585928332,28,27,16,0,0,121,2,0,960584.8,0.9849940347556976,-0.4983053592339227,0.13195403497076288,1
LEOD071,QQQ,0.9,548,1.0,5,signal_close_to_next_close_quote_side,FREE_DISCOVERY_LOCAL_EOD_PROXY,2012-01-03,2025-12-15,3509,144288378.8935001,143.2883788935001,0.4282059062691901,0.6984844183855545,0.8458938379844844,-0.7302779197905264,28,27,16,0,0,121,2,0,960087.6880000001,0.9846750851053221,-0.4982243949216265,0.13201335812562182,1
LEOD072,QQQ,0.9,548,1.0,10,signal_close_to_next_close_quote_side,FREE_DISCOVERY_LOCAL_EOD_PROXY,2012-01-03,2025-12-15,3509,140466676.20700014,139.46667620700015,0.4254601588399989,0.698470915254316,0.8431631151505096,-0.7301348168221561,28,27,16,0,0,121,2,0,959667.1090000002,0.9839294708352386,-0.4980350212198431,0.13205223116305445,1
LEOD073,QQQ,0.9,730,0.25,0,signal_close_to_next_close_quote_side,FREE_DISCOVERY_LOCAL_EOD_PROXY,2012-01-03,2025-12-15,3509,4353534.909438625,3.3535349094386246,0.11121286914816997,0.1410398146281405,0.8199600965143573,-0.20956269303878194,28,27,12,0,0,50,1,0,990146.2,0.1308245687745868,-0.12415238790361871,0.026125191422272744,0
LEOD074,QQQ,0.9,730,0.25,5,signal_close_to_next_close_quote_side,FREE_DISCOVERY_LOCAL_EOD_PROXY,2012-01-03,2025-12-15,3509,4320210.994567735,3.320210994567735,0.1106009343595673,0.14114379059566493,0.8155463445036236,-0.21130330233284678,28,27,13,0,0,50,1,0,990021.922,0.13098250388628263,-0.12428351237926971,0.026172377515547976,0
LEOD075,QQQ,0.9,730,0.25,10,signal_close_to_next_close_quote_side,FREE_DISCOVERY_LOCAL_EOD_PROXY,2012-01-03,2025-12-15,3509,4275162.076779624,3.2751620767796243,0.10976668763725383,0.14099868335793964,0.810898524329279,-0.21082514128132734,28,27,13,0,0,50,1,0,989974.177,0.13130196117323512,-0.12454859893834624,0.026126575305987092,0
LEOD076,QQQ,0.9,730,0.5,0,signal_close_to_next_close_quote_side,FREE_DISCOVERY_LOCAL_EOD_PROXY,2012-01-03,2025-12-15,3509,13324887.854344923,12.324887854344922,0.20399532890256866,0.2897128193241731,0.7869916157617838,-0.3944760117184929,28,27,14,0,0,50,1,0,980292.4,0.3054246479187579,-0.24847607152674778,0.054720648266717666,0
LEOD077,QQQ,0.9,730,0.5,5,signal_close_to_next_close_quote_side,FREE_DISCOVERY_LOCAL_EOD_PROXY,2012-01-03,2025-12-15,3509,13159841.207070809,12.159841207070809,0.20292004381663475,0.2895909631236457,0.784109607752855,-0.3943693940718537,28,27,14,0,0,50,1,0,980043.844,0.3050594725597038,-0.2482528307046934,0.054713403477881895,0
LEOD078,QQQ,0.9,730,0.5,10,signal_close_to_next_close_quote_side,FREE_DISCOVERY_LOCAL_EOD_PROXY,2012-01-03,2025-12-15,3509,12964458.279609224,11.964458279609223,0.20163081495862234,0.2895950193322827,0.7803908882750886,-0.39521736204254987,28,27,16,0,0,50,1,0,979871.821,0.3051758272837175,-0.24832401121025083,0.0546500180871459,0
LEOD079,QQQ,0.9,730,1.0,0,signal_close_to_next_close_quote_side,FREE_DISCOVERY_LOCAL_EOD_PROXY,2012-01-03,2025-12-15,3509,83744045.85000001,82.74404585,0.37357565886730915,0.6536665992291697,0.8024091843004839,-0.6735086112116572,28,27,15,0,0,50,1,0,960584.8,0.9108512293877999,-0.49633454120921694,0.12432705737832263,1
LEOD080,QQQ,0.9,730,1.0,5,signal_close_to_next_close_quote_side,FREE_DISCOVERY_LOCAL_EOD_PROXY,2012-01-03,2025-12-15,3509,81636359.94150004,80.63635994150003,0.3710679493507649,0.6536693479687874,0.799651379926778,-0.6735743771343079,28,27,16,0,0,50,1,0,960087.6880000001,0.9095472707253076,-0.4959764103555312,0.12433436082242517,1
LEOD081,QQQ,0.9,730,1.0,10,signal_close_to_next_close_quote_side,FREE_DISCOVERY_LOCAL_EOD_PROXY,2012-01-03,2025-12-15,3509,79436593.15800008,78.43659315800008,0.36838575104553684,0.6539497291654918,0.7965559786984681,-0.6735521705069475,28,27,16,0,0,50,1,0,959667.1090000002,0.9104598541592366,-0.49622710388503666,0.12433474546859603,1
LEOD082,SPY,0.7,365,0.25,0,signal_close_to_next_close_quote_side,FREE_DISCOVERY_LOCAL_EOD_PROXY,2012-01-03,2025-12-12,3508,6927779.273947587,5.927779273947587,0.14893629567880762,0.20841928447822075,0.772385712797137,-0.3072435705519033,28,27,13,0,1,3,1,0,973075.4497588106,0.06468252986749978,-0.14957113849274173,0.03984062487450256,0
LEOD083,SPY,0.7,365,0.25,5,signal_close_to_next_close_quote_side,FREE_DISCOVERY_LOCAL_EOD_PROXY,2012-01-03,2025-12-12,3508,6881946.679310107,5.881946679310107,0.14838938630488974,0.20843987531613473,0.7700351751733663,-0.3074196797184624,28,27,13,0,1,3,1,0,972952.9737588105,0.06504330473415365,-0.1491424642004625,0.03993692164474329,0
LEOD084,SPY,0.7,365,0.25,10,signal_close_to_next_close_quote_side,FREE_DISCOVERY_LOCAL_EOD_PROXY,2012-01-03,2025-12-12,3508,6824772.943707488,5.8247729437074875,0.14770238649372724,0.2085368812044491,0.7669038721347519,-0.308204156423073,28,27,13,0,1,3,1,0,972830.4977588106,0.06491650196401055,-0.14964636452514912,0.03986652808055485,0
LEOD085,SPY,0.7,365,0.5,0,signal_close_to_next_close_quote_side,FREE_DISCOVERY_LOCAL_EOD_PROXY,2012-01-03,2025-12-12,3508,21892419.448442567,20.892419448442567,0.24778422998922722,0.4230952751557604,0.7391969058508553,-0.5539181261508472,28,27,13,0,1,3,1,0,945730.6831725414,0.1722619727242285,-0.3146892703127475,0.08416681842219192,0
LEOD086,SPY,0.7,365,0.5,5,signal_close_to_next_close_quote_side,FREE_DISCOVERY_LOCAL_EOD_PROXY,2012-01-03,2025-12-12,3508,21585653.974898208,20.585653974898207,0.24652183596856703,0.42304357138987936,0.7368332498400648,-0.5542358732855915,28,27,14,0,1,3,1,0,945484.8171725415,0.17250124515046683,-0.31457475145075553,0.08413721976927592,0
LEOD087,SPY,0.7,365,0.5,10,signal_close_to_next_close_quote_side,FREE_DISCOVERY_LOCAL_EOD_PROXY,2012-01-03,2025-12-12,3508,21321608.061242104,20.321608061242102,0.24542183225169745,0.4230329673309559,0.7347530140729548,-0.5546636342491928,28,27,14,0,1,3,1,0,945238.9511725416,0.17238276158329335,-0.3147329469746888,0.08417816146623358,0
LEOD088,SPY,0.7,365,1.0,0,signal_close_to_next_close_quote_side,FREE_DISCOVERY_LOCAL_EOD_PROXY,2012-01-03,2025-12-12,3508,13350253.549999997,12.350253549999996,0.20429129876186725,1.1324521243104795,0.7104188318832672,-0.9802958219791927,28,27,14,0,1,3,1,0,711810.8999999965,1.3483356323990043,-0.7019603524805687,0.2530182707978332,4
LEOD089,SPY,0.7,365,1.0,5,signal_close_to_next_close_quote_side,FREE_DISCOVERY_LOCAL_EOD_PROXY,2012-01-03,2025-12-12,3508,12973434.586500019,11.97343458650002,0.20182052395330863,1.1330809919987679,0.7087078116034613,-0.9803862465636771,28,27,14,0,1,3,1,0,700273.8545000049,1.3489465498814983,-0.7019815856209097,0.2530597184594958,4
LEOD090,SPY,0.7,365,1.0,10,signal_close_to_next_close_quote_side,FREE_DISCOVERY_LOCAL_EOD_PROXY,2012-01-03,2025-12-12,3508,12679736.942000024,11.679736942000025,0.19984813211566443,1.1326877106791353,0.7072741711001571,-0.9803894443219443,28,27,14,0,1,3,1,0,692403.8410000111,1.3435049676450093,-0.7017918227120521,0.2524434449645026,4
LEOD091,SPY,0.7,548,0.25,0,signal_close_to_next_close_quote_side,FREE_DISCOVERY_LOCAL_EOD_PROXY,2012-01-03,2025-12-12,3508,7426304.341952907,6.426304341952907,0.1546774183106039,0.18090473765439352,0.8872569903485307,-0.28264300960378763,28,27,13,0,0,3,0,0,974934.9997588105,0.09233455349757569,-0.06424184129625665,0.03452237831270471,0
LEOD092,SPY,0.7,548,0.25,5,signal_close_to_next_close_quote_side,FREE_DISCOVERY_LOCAL_EOD_PROXY,2012-01-03,2025-12-12,3508,7375071.505787116,6.3750715057871155,0.15410418328356656,0.18084169819923998,0.8847520230332316,-0.2827825534561731,28,27,13,0,0,3,0,0,974812.0002588106,0.09198838755343397,-0.06403070201169014,0.03458570634243171,0
LEOD093,SPY,0.7,548,0.25,10,signal_close_to_next_close_quote_side,FREE_DISCOVERY_LOCAL_EOD_PROXY,2012-01-03,2025-12-12,3508,7305564.990471714,6.305564990471714,0.153320549353537,0.18070709190499956,0.8815085736084033,-0.28312247574817007,28,27,13,0,0,3,0,0,974689.0007588106,0.0919033179876958,-0.06397878030847615,0.03448623916525231,0
LEOD094,SPY,0.7,548,0.5,0,signal_close_to_next_close_quote_side,FREE_DISCOVERY_LOCAL_EOD_PROXY,2012-01-03,2025-12-12,3508,31983003.006433208,30.983003006433208,0.2821773635071121,0.3683788840396231,0.8609518132998609,-0.5034480156302041,28,27,13,0,0,3,0,0,949453.2831725414,0.22674479276581572,-0.13527528601526972,0.07098942064353143,0
LEOD095,SPY,0.7,548,0.5,5,signal_close_to_next_close_quote_side,FREE_DISCOVERY_LOCAL_EOD_PROXY,2012-01-03,2025-12-12,3508,31536116.119720608,30.536116119720607,0.2808838794316586,0.3683628833651146,0.8582269441236432,-0.5040695127158298,28,27,13,0,0,3,0,0,949206.3156725415,0.22659474906338284,-0.13528983677638828,0.07099576389103573,0
LEOD096,SPY,0.7,548,0.5,10,signal_close_to_next_close_quote_side,FREE_DISCOVERY_LOCAL_EOD_PROXY,2012-01-03,2025-12-12,3508,31073096.85083691,30.07309685083691,0.27952562866715835,0.36834528494445484,0.8553642259157925,-0.5046168825455025,28,27,14,0,0,3,0,0,948959.3481725415,0.2264090808361625,-0.13523169427650195,0.07096280271625263,0
LEOD097,SPY,0.7,548,1.0,0,signal_close_to_next_close_quote_side,FREE_DISCOVERY_LOCAL_EOD_PROXY,2012-01-03,2025-12-12,3508,249014280.0000001,248.0142800000001,0.4855304591400009,0.9177494437035645,0.8760242870166838,-0.9228557203578239,28,27,13,0,0,3,0,0,898688.4999999999,0.832041442565812,-0.41161039986130854,0.19797388174364952,4
LEOD098,SPY,0.7,548,1.0,5,signal_close_to_next_close_quote_side,FREE_DISCOVERY_LOCAL_EOD_PROXY,2012-01-03,2025-12-12,3508,242636663.96750006,241.63666396750006,0.4827683859656169,0.9178633643195315,0.8740026518885747,-0.9228044287998826,28,27,13,0,0,3,0,0,898194.5650000001,0.8319430246701758,-0.41156156688529644,0.19799466096235563,4
LEOD099,SPY,0.7,548,1.0,10,signal_close_to_next_close_quote_side,FREE_DISCOVERY_LOCAL_EOD_PROXY,2012-01-03,2025-12-12,3508,236272900.9520001,235.2729009520001,0.47994430407182054,0.9180482015893613,0.8719386351514085,-0.9228016177677851,28,27,14,0,0,3,0,0,897700.63,0.8320090592579008,-0.4115588907737229,0.19799202422076698,4
LEOD100,SPY,0.7,730,0.25,0,signal_close_to_next_close_quote_side,FREE_DISCOVERY_LOCAL_EOD_PROXY,2012-01-03,2025-12-12,3508,5797036.378327843,4.797036378327843,0.1343443027115505,0.16059250560184882,0.8669358437300325,-0.2548800198025264,28,27,10,0,0,3,0,0,986809.3497588106,0.08630940631666739,-0.058786105350312146,0.030991288697605996,0
LEOD101,SPY,0.7,730,0.25,5,signal_close_to_next_close_quote_side,FREE_DISCOVERY_LOCAL_EOD_PROXY,2012-01-03,2025-12-12,3508,5755256.995639252,4.755256995639251,0.13375592018886584,0.16070943894553302,0.863186383174242,-0.2561843176477895,28,27,11,0,0,3,0,0,986686.8237588105,0.08631629012446895,-0.058790253243200974,0.03109116596171204,0
LEOD102,SPY,0.7,730,0.25,10,signal_close_to_next_close_quote_side,FREE_DISCOVERY_LOCAL_EOD_PROXY,2012-01-03,2025-12-12,3508,5695198.628055272,4.695198628055271,0.1329031289187117,0.16057793994438022,0.8590663619419118,-0.25648045356459936,28,27,12,0,0,3,0,0,986564.2977588106,0.08587259359127053,-0.05852233912399751,0.03103519144923192,0
LEOD103,SPY,0.7,730,0.5,0,signal_close_to_next_close_quote_side,FREE_DISCOVERY_LOCAL_EOD_PROXY,2012-01-03,2025-12-12,3508,21515521.859328773,20.51552185932877,0.246230892084222,0.3279038974482466,0.8370996774039545,-0.46335850169928294,28,27,12,0,0,3,0,0,973276.9831725415,0.20800529992450922,-0.12439715629704406,0.0623300222299592,0
LEOD104,SPY,0.7,730,0.5,5,signal_close_to_next_close_quote_side,FREE_DISCOVERY_LOCAL_EOD_PROXY,2012-01-03,2025-12-12,3508,21230835.40800007,20.230835408000072,0.24504075499216404,0.32798883788256333,0.8340487983469627,-0.4640993827856047,28,27,12,0,0,3,0,0,973030.7966725416,0.2079353114749336,-0.12434185631442085,0.06231828769038644,0
LEOD105,SPY,0.7,730,0.5,10,signal_close_to_next_close_quote_side,FREE_DISCOVERY_LOCAL_EOD_PROXY,2012-01-03,2025-12-12,3508,20908504.494126625,19.908504494126625,0.24367522946004172,0.3278830730200881,0.8308571136953351,-0.46475323271582036,28,27,13,0,0,3,0,0,972784.6101725416,0.20771488435600372,-0.12422252066261907,0.06229532217210246,0
LEOD106,SPY,0.7,730,1.0,0,signal_close_to_next_close_quote_side,FREE_DISCOVERY_LOCAL_EOD_PROXY,2012-01-03,2025-12-12,3508,159944675.0,158.944675,0.43910047427234367,0.7813761753214822,0.851920166843255,-0.8999096398144931,28,27,13,0,0,3,0,0,946212.2499999999,0.7008701298554294,-0.3579003695301587,0.16464282741845218,1
LEOD107,SPY,0.7,730,1.0,5,signal_close_to_next_close_quote_side,FREE_DISCOVERY_LOCAL_EOD_PROXY,2012-01-03,2025-12-12,3508,155827710.66400012,154.82771066400014,0.43641114242126045,0.78162815970983,0.8494948020654651,-0.8999406272659601,28,27,13,0,0,3,0,0,945718.7425,0.7009206013203801,-0.3579241519625649,0.16466731396958356,1
LEOD108,SPY,0.7,730,1.0,10,signal_close_to_next_close_quote_side,FREE_DISCOVERY_LOCAL_EOD_PROXY,2012-01-03,2025-12-12,3508,151648378.10500014,150.64837810500015,0.4336127440882278,0.7817445093798299,0.8469874520977988,-0.8999060913691603,28,27,13,0,0,3,0,0,945225.2350000001,0.7009242082936402,-0.35789764624553055,0.16465403460157457,1
LEOD109,SPY,0.8,365,0.25,0,signal_close_to_next_close_quote_side,FREE_DISCOVERY_LOCAL_EOD_PROXY,2012-01-03,2025-12-12,3508,5518292.714023499,4.518292714023499,0.13034176830042354,0.17073803498283754,0.8046460817370139,-0.27159333889576975,28,27,12,0,1,3,1,0,985705.7497588105,0.06867664520835004,-0.07817893395403519,0.033866198324815466,0
LEOD110,SPY,0.8,365,0.25,5,signal_close_to_next_close_quote_side,FREE_DISCOVERY_LOCAL_EOD_PROXY,2012-01-03,2025-12-12,3508,5485108.320649534,4.485108320649535,0.12985282791222863,0.17052874094415646,0.8028785557774584,-0.2706775456128091,28,27,12,0,1,3,1,0,985583.0217588106,0.06849932535254188,-0.07789138901401793,0.03375268106390033,0
LEOD111,SPY,0.8,365,0.25,10,signal_close_to_next_close_quote_side,FREE_DISCOVERY_LOCAL_EOD_PROXY,2012-01-03,2025-12-12,3508,5430770.863651575,4.430770863651575,0.12904625651503054,0.17037693712361354,0.7992406157693442,-0.2705480781002745,28,27,13,0,1,3,1,0,985460.2937588106,0.0686782791262952,-0.07785080124676846,0.033718995452107825,0
LEOD112,SPY,0.8,365,0.5,0,signal_close_to_next_close_quote_side,FREE_DISCOVERY_LOCAL_EOD_PROXY,2012-01-03,2025-12-12,3508,17078551.003373396,16.078551003373395,0.2257556818638733,0.3493267276060359,0.7596556847042885,-0.519770438691193,28,27,13,0,1,3,1,0,971036.2831725415,0.17844484403583638,-0.16372488302512422,0.07231595301733912,0
LEOD113,SPY,0.8,365,0.5,5,signal_close_to_next_close_quote_side,FREE_DISCOVERY_LOCAL_EOD_PROXY,2012-01-03,2025-12-12,3508,16827687.58939994,15.82768758939994,0.2244552999810585,0.34927662001956916,0.7566690074029386,-0.5196663241755836,28,27,13,0,1,3,1,0,970789.4931725415,0.17836562634685826,-0.16368544202209734,0.07238437221536627,0
LEOD114,SPY,0.8,365,0.5,10,signal_close_to_next_close_quote_side,FREE_DISCOVERY_LOCAL_EOD_PROXY,2012-01-03,2025-12-12,3508,16588508.152694635,15.588508152694637,0.22319861607944258,0.34931512266373355,0.7536759810334769,-0.5196547708490308,28,27,13,0,1,3,1,0,970542.7031725416,0.1784130537051023,-0.1636811218614309,0.07246835196410224,0
LEOD115,SPY,0.8,365,1.0,0,signal_close_to_next_close_quote_side,FREE_DISCOVERY_LOCAL_EOD_PROXY,2012-01-03,2025-12-12,3508,35149274.90000002,34.14927490000002,0.2908888103097811,0.9366732230116304,0.7072343952456756,-0.9682036054021628,28,27,14,0,1,3,1,0,820282.5500000082,1.3842681402889636,-0.44700042246075233,0.19839842270081848,3
LEOD116,SPY,0.8,365,1.0,5,signal_close_to_next_close_quote_side,FREE_DISCOVERY_LOCAL_EOD_PROXY,2012-01-03,2025-12-12,3508,34286370.45050003,33.28637045050002,0.288589295813386,0.9367008897997274,0.7053714265823862,-0.9682996367991064,28,27,14,0,1,3,1,0,808374.3590000123,1.3829941382393391,-0.44677282818274,0.19862233853710606,3
LEOD117,SPY,0.8,365,1.0,10,signal_close_to_next_close_quote_side,FREE_DISCOVERY_LOCAL_EOD_PROXY,2012-01-03,2025-12-12,3508,33436687.28300003,32.436687283000026,0.2862719076642346,0.9366832346249439,0.703511490209647,-0.9683803414731019,28,27,15,0,1,3,1,0,797142.0890000128,1.3810335888561798,-0.4464222193530313,0.19888601912129333,3
LEOD118,SPY,0.8,548,0.25,0,signal_close_to_next_close_quote_side,FREE_DISCOVERY_LOCAL_EOD_PROXY,2012-01-03,2025-12-12,3508,5878041.253527448,4.8780412535274476,0.1354739717639284,0.1534485318825598,0.906494251406622,-0.232767037729525,28,27,13,0,0,3,0,0,985015.7497588105,0.07870323956474534,-0.054104506204320835,0.030580637452047622,0
LEOD119,SPY,0.8,548,0.25,5,signal_close_to_next_close_quote_side,FREE_DISCOVERY_LOCAL_EOD_PROXY,2012-01-03,2025-12-12,3508,5810408.129218429,4.8104081292184295,0.13453178681931144,0.15342150021526735,0.9012041025565067,-0.2331324681467296,28,27,13,0,0,3,0,0,984891.8257588106,0.07900525131242864,-0.0542896160465447,0.030605654890449793,0
LEOD120,SPY,0.8,548,0.25,10,signal_close_to_next_close_quote_side,FREE_DISCOVERY_LOCAL_EOD_PROXY,2012-01-03,2025-12-12,3508,5777324.530883987,4.777324530883988,0.13406719130956302,0.15317507125072333,0.8997268231046464,-0.23219091647024248,28,27,14,0,0,3,0,0,984767.9017588106,0.0786771908202093,-0.05408851958247296,0.03039263182604022,0
LEOD121,SPY,0.8,548,0.5,0,signal_close_to_next_close_quote_side,FREE_DISCOVERY_LOCAL_EOD_PROXY,2012-01-03,2025-12-12,3508,22337389.626928605,21.337389626928605,0.24958648093484603,0.3135157261286415,0.8694966796241842,-0.46527144889076133,28,27,13,0,0,3,0,0,969813.4331725414,0.186937720091654,-0.12264070668277283,0.064684030178418,0
LEOD122,SPY,0.8,548,0.5,5,signal_close_to_next_close_quote_side,FREE_DISCOVERY_LOCAL_EOD_PROXY,2012-01-03,2025-12-12,3508,21992929.87194769,20.99292987194769,0.24819427824594698,0.3136069837671208,0.8657736269670849,-0.4654831584898217,28,27,14,0,0,3,0,0,969565.5851725414,0.18682200724484144,-0.12271357185615872,0.06462660771655045,0
LEOD123,SPY,0.8,548,0.5,10,signal_close_to_next_close_quote_side,FREE_DISCOVERY_LOCAL_EOD_PROXY,2012-01-03,2025-12-12,3508,21697986.576796055,20.697986576796055,0.24698602575241746,0.31357526565347876,0.8627323233812539,-0.4653074550969667,28,27,14,0,0,3,0,0,969317.7371725416,0.18677683666758238,-0.12265311189224226,0.06462485501798493,0
LEOD124,SPY,0.8,548,1.0,0,signal_close_to_next_close_quote_side,FREE_DISCOVERY_LOCAL_EOD_PROXY,2012-01-03,2025-12-12,3508,178373876.35,177.37387635,0.4504019065817517,0.781609421106012,0.8556433162664085,-0.9164733457875257,28,27,14,0,0,3,0,0,939408.8,0.8914211189696366,-0.45931928741043526,0.16419701124117853,2
LEOD125,SPY,0.8,548,1.0,5,signal_close_to_next_close_quote_side,FREE_DISCOVERY_LOCAL_EOD_PROXY,2012-01-03,2025-12-12,3508,173632686.72800013,172.63268672800012,0.4476018715133001,0.7815885774877421,0.8531973502969671,-0.9163947226161169,28,27,14,0,0,3,0,0,938913.104,0.8905064163013201,-0.45914988156797054,0.16418083115954402,2
LEOD126,SPY,0.8,548,1.0,10,signal_close_to_next_close_quote_side,FREE_DISCOVERY_LOCAL_EOD_PROXY,2012-01-03,2025-12-12,3508,169245642.58800012,168.24564258800012,0.4449470331481973,0.7817579713256129,0.8508264975365913,-0.9163903720563986,28,27,14,0,0,3,0,0,938417.4080000002,0.8904558520807588,-0.45914051041101145,0.1641799358635773,2
LEOD127,SPY,0.8,730,0.25,0,signal_close_to_next_close_quote_side,FREE_DISCOVERY_LOCAL_EOD_PROXY,2012-01-03,2025-12-12,3508,4598225.658892645,3.5982256588926447,0.11564933300438596,0.13765124604063203,0.865538514065878,-0.2247267173367794,28,27,11,0,0,3,0,0,991938.4497588106,0.07220216165095761,-0.050480364451411686,0.026935372781825454,0
LEOD128,SPY,0.8,730,0.25,5,signal_close_to_next_close_quote_side,FREE_DISCOVERY_LOCAL_EOD_PROXY,2012-01-03,2025-12-12,3508,4550312.050066681,3.5503120500666805,0.11481140334495454,0.1374981505086879,0.8608731399964661,-0.22427317963711613,28,27,9,0,0,3,0,0,991815.2767588106,0.07207412900776222,-0.05040009497802955,0.026876570340600037,0
LEOD129,SPY,0.8,730,0.25,10,signal_close_to_next_close_quote_side,FREE_DISCOVERY_LOCAL_EOD_PROXY,2012-01-03,2025-12-12,3508,4517992.056873893,3.5179920568738936,0.11424154196163805,0.13754228078880287,0.8569165532572058,-0.22529127546667893,28,27,13,0,0,3,0,0,991692.1037588106,0.07166285254409055,-0.05049492466974004,0.027009922694895022,0
LEOD130,SPY,0.8,730,0.5,0,signal_close_to_next_close_quote_side,FREE_DISCOVERY_LOCAL_EOD_PROXY,2012-01-03,2025-12-12,3508,14553856.90078713,13.55385690078713,0.21177115683561132,0.28233335515577507,0.8233907167598324,-0.4502132910061786,28,27,13,0,0,3,0,0,983547.6831725416,0.16941504069944346,-0.11545530015532357,0.05627350534166401,0
LEOD131,SPY,0.8,730,0.5,5,signal_close_to_next_close_quote_side,FREE_DISCOVERY_LOCAL_EOD_PROXY,2012-01-03,2025-12-12,3508,14363121.090215148,13.363121090215149,0.2106250302021231,0.2823304942678839,0.8200357036263416,-0.4499815787837398,28,27,13,0,0,3,0,0,983299.6726725416,0.16948998692795336,-0.115378668314432,0.0563288195145869,0
LEOD132,SPY,0.8,730,0.5,10,signal_close_to_next_close_quote_side,FREE_DISCOVERY_LOCAL_EOD_PROXY,2012-01-03,2025-12-12,3508,14203695.328625415,13.203695328625415,0.2096561528683094,0.28242337521449584,0.8170161589807996,-0.44969420748064703,28,27,13,0,0,3,0,0,983051.6621725416,0.16953485581446692,-0.11528365913247096,0.056159809242025106,0
LEOD133,SPY,0.8,730,1.0,0,signal_close_to_next_close_quote_side,FREE_DISCOVERY_LOCAL_EOD_PROXY,2012-01-03,2025-12-12,3508,91829248.05000003,90.82924805000003,0.3829451416802001,0.6730474785520442,0.8173101522123438,-0.8896580080584224,28,27,13,0,0,3,0,0,966877.3000000002,0.5345411764386407,-0.3690966793514744,0.14252072265139107,2
LEOD134,SPY,0.8,730,1.0,5,signal_close_to_next_close_quote_side,FREE_DISCOVERY_LOCAL_EOD_PROXY,2012-01-03,2025-12-12,3508,89390398.80400006,88.39039880400007,0.3802775246891592,0.6732249318297459,0.8143967838373158,-0.8896809494651765,28,27,14,0,0,3,0,0,966381.2790000002,0.5346661239476946,-0.36913179845227484,0.14253140911219025,2
LEOD135,SPY,0.8,730,1.0,10,signal_close_to_next_close_quote_side,FREE_DISCOVERY_LOCAL_EOD_PROXY,2012-01-03,2025-12-12,3508,87213846.24300003,86.21384624300003,0.377839128012345,0.6733338524566957,0.8117480302035865,-0.8896044766426932,28,27,14,0,0,3,0,0,965885.2580000003,0.5342498262260549,-0.369014751479936,0.1424957911053995,2
LEOD136,SPY,0.9,365,0.25,0,signal_close_to_next_close_quote_side,FREE_DISCOVERY_LOCAL_EOD_PROXY,2012-01-03,2025-12-12,3508,4288499.310675662,3.288499310675662,0.1100827823053665,0.1376472170412741,0.8291739137395278,-0.2548576604493167,28,27,12,0,1,3,1,0,993737.2497588105,0.06179610919030898,-0.056262363824237216,0.028078143353788918,0
LEOD137,SPY,0.9,365,0.25,5,signal_close_to_next_close_quote_side,FREE_DISCOVERY_LOCAL_EOD_PROXY,2012-01-03,2025-12-12,3508,4261756.293423022,3.261756293423022,0.10958479017177059,0.137407070053777,0.8271082770198841,-0.25277323325881607,28,27,13,0,1,3,1,0,993614.8307588105,0.06107891120137565,-0.055745430050047284,0.02809535988751903,0
LEOD138,SPY,0.9,365,0.25,10,signal_close_to_next_close_quote_side,FREE_DISCOVERY_LOCAL_EOD_PROXY,2012-01-03,2025-12-12,3508,4232212.360374955,3.2322123603749553,0.10903125734874974,0.13755799933686072,0.8227173237498565,-0.25385435420655067,28,27,11,0,1,3,1,0,993492.4117588105,0.061604295730227854,-0.056013420098654176,0.028100803484035885,0
LEOD139,SPY,0.9,365,0.5,0,signal_close_to_next_close_quote_side,FREE_DISCOVERY_LOCAL_EOD_PROXY,2012-01-03,2025-12-12,3508,11982990.422505759,10.98299042250576,0.1949938235577835,0.2831666664079946,0.7725947101291103,-0.4907389785822426,28,27,13,0,1,3,1,0,987152.7831725415,0.15127252258731105,-0.12252070918986557,0.06091242440613742,0
LEOD140,SPY,0.9,365,0.5,5,signal_close_to_next_close_quote_side,FREE_DISCOVERY_LOCAL_EOD_PROXY,2012-01-03,2025-12-12,3508,11831003.97464044,10.83100397464044,0.1939001764879853,0.2832797477517539,0.7691590231454861,-0.4914768421084944,28,27,13,0,1,3,1,0,986905.9706725414,0.15135583455618162,-0.12275538163850286,0.06093858564847639,0
LEOD141,SPY,0.9,365,0.5,10,signal_close_to_next_close_quote_side,FREE_DISCOVERY_LOCAL_EOD_PROXY,2012-01-03,2025-12-12,3508,11689281.126414165,10.689281126414166,0.19286856851296896,0.28326401269486257,0.7661274372588589,-0.49056932340192816,28,27,13,0,1,3,1,0,986659.1581725415,0.15134595842622955,-0.12246678302122294,0.06093242501307316,0
LEOD142,SPY,0.9,365,1.0,0,signal_close_to_next_close_quote_side,FREE_DISCOVERY_LOCAL_EOD_PROXY,2012-01-03,2025-12-12,3508,40712948.89999999,39.712948899999994,0.3045669806711542,0.7219853570635232,0.7124368596116134,-0.9331638281448058,28,27,13,0,1,3,1,0,973983.8500000001,1.0460213307868806,-0.4181886923061774,0.14761593685162916,2
LEOD143,SPY,0.9,365,1.0,5,signal_close_to_next_close_quote_side,FREE_DISCOVERY_LOCAL_EOD_PROXY,2012-01-03,2025-12-12,3508,39740166.97950004,38.74016697950004,0.3023059036146083,0.722540856209426,0.7099196461075978,-0.9334625715396976,28,27,15,0,1,3,1,0,973488.2505000001,1.0483158319386559,-0.4187219092957336,0.14769820698534525,2
LEOD144,SPY,0.9,365,1.0,10,signal_close_to_next_close_quote_side,FREE_DISCOVERY_LOCAL_EOD_PROXY,2012-01-03,2025-12-12,3508,38687099.78500004,37.68709978500004,0.2997995537491489,0.7223476377688374,0.7073434956194942,-0.9335603712700837,28,27,16,0,1,3,1,0,972992.6510000003,1.0461324806758787,-0.4182145448710979,0.14762612256706184,2
LEOD145,SPY,0.9,548,0.25,0,signal_close_to_next_close_quote_side,FREE_DISCOVERY_LOCAL_EOD_PROXY,2012-01-03,2025-12-12,3508,4499226.033641709,3.499226033641709,0.11390892327496327,0.12845385220331096,0.9057913978438097,-0.2298249986514589,28,27,7,0,0,3,0,0,993613.2497588105,0.06828762514201725,-0.05252309222354079,0.026461644858834375,0
LEOD146,SPY,0.9,548,0.25,5,signal_close_to_next_close_quote_side,FREE_DISCOVERY_LOCAL_EOD_PROXY,2012-01-03,2025-12-12,3508,4465472.075844136,3.4654720758441364,0.11330739602602735,0.12842796171657028,0.9017333477363827,-0.22840902198990332,28,27,10,0,0,3,0,0,993490.4897588105,0.06765345361624675,-0.052160556759689225,0.026331280580647706,0
LEOD147,SPY,0.9,548,0.25,10,signal_close_to_next_close_quote_side,FREE_DISCOVERY_LOCAL_EOD_PROXY,2012-01-03,2025-12-12,3508,4435282.383610112,3.4352823836101116,0.11276580084412191,0.1283078503546747,0.8986552961332999,-0.2277970167236294,28,27,11,0,0,3,0,0,993367.7297588106,0.06822052974661208,-0.05200403722321578,0.02622936092781729,0
LEOD148,SPY,0.9,548,0.5,0,signal_close_to_next_close_quote_side,FREE_DISCOVERY_LOCAL_EOD_PROXY,2012-01-03,2025-12-12,3508,14377336.483753268,13.377336483753268,0.2107109359309669,0.26520813067090565,0.8555317428635912,-0.457247086806851,28,27,12,0,0,3,0,0,986902.7831725415,0.15744721258411376,-0.11882905933611376,0.05852561028036802,0
LEOD149,SPY,0.9,548,0.5,5,signal_close_to_next_close_quote_side,FREE_DISCOVERY_LOCAL_EOD_PROXY,2012-01-03,2025-12-12,3508,14171797.690167436,13.171797690167436,0.2094610902524876,0.2652957614466133,0.8514332572639065,-0.45705713835229034,28,27,13,0,0,3,0,0,986655.2831725415,0.15771092827280508,-0.11876602569447026,0.05860181397831688,0
LEOD150,SPY,0.9,548,0.5,10,signal_close_to_next_close_quote_side,FREE_DISCOVERY_LOCAL_EOD_PROXY,2012-01-03,2025-12-12,3508,13982706.522455316,12.982706522455317,0.20829630890613293,0.26533040459849944,0.8477176794371486,-0.45773800846311297,28,27,13,0,0,3,0,0,986407.7831725415,0.15771797155710132,-0.1189920694369101,0.05860091835478222,0
LEOD151,SPY,0.9,548,1.0,0,signal_close_to_next_close_quote_side,FREE_DISCOVERY_LOCAL_EOD_PROXY,2012-01-03,2025-12-12,3508,98570913.24999999,97.57091324999999,0.3899908100155469,0.6693396011482714,0.8200384736064447,-0.9019852654345887,28,27,13,0,0,3,0,0,973481.8499999999,0.7138278951684873,-0.39548294640649173,0.14419023890557786,1
LEOD152,SPY,0.9,548,1.0,5,signal_close_to_next_close_quote_side,FREE_DISCOVERY_LOCAL_EOD_PROXY,2012-01-03,2025-12-12,3508,95952704.07350008,94.95270407350009,0.38730927955750527,0.6695782210483625,0.8170787965629954,-0.9020225623164406,28,27,13,0,0,3,0,0,972984.8699999999,0.7141291545079957,-0.39555379158114423,0.1442082219997891,1
LEOD153,SPY,0.9,548,1.0,10,signal_close_to_next_close_quote_side,FREE_DISCOVERY_LOCAL_EOD_PROXY,2012-01-03,2025-12-12,3508,93420593.61000007,92.42059361000007,0.3846505239782334,0.6694977285031046,0.8142594796657185,-0.9018310702664126,28,27,13,0,0,3,0,0,972487.89,0.7125848389196447,-0.3951902607742217,0.14415124441100027,1
LEOD154,SPY,0.9,730,0.25,0,signal_close_to_next_close_quote_side,FREE_DISCOVERY_LOCAL_EOD_PROXY,2012-01-03,2025-12-12,3508,3977175.7435066476,2.9771757435066477,0.10409793603097195,0.116540824402535,0.909757315019049,-0.2212593776660745,28,27,9,0,0,3,0,0,994394.5497588105,0.06440801229469839,-0.04949568033938301,0.02338349270720621,0
LEOD155,SPY,0.9,730,0.25,5,signal_close_to_next_close_quote_side,FREE_DISCOVERY_LOCAL_EOD_PROXY,2012-01-03,2025-12-12,3508,3952179.3857011525,2.9521793857011525,0.10359872804297487,0.11687981035176584,0.903580462362708,-0.22237214538491246,28,27,11,0,0,3,0,0,994271.0697588106,0.06490009882312275,-0.04977297184600926,0.02351186560285634,0
LEOD156,SPY,0.9,730,0.25,10,signal_close_to_next_close_quote_side,FREE_DISCOVERY_LOCAL_EOD_PROXY,2012-01-03,2025-12-12,3508,3922349.6414110702,2.92234964141107,0.1029991412846365,0.11696326594283875,0.8983632660508637,-0.22335044388534264,28,27,10,0,0,3,0,0,994147.5897588106,0.06545332481612576,-0.050017020160469716,0.02344842468341928,0
LEOD157,SPY,0.9,730,0.5,0,signal_close_to_next_close_quote_side,FREE_DISCOVERY_LOCAL_EOD_PROXY,2012-01-03,2025-12-12,3508,11633247.954844829,10.633247954844828,0.192457494544104,0.24119759172727986,0.8522713218166659,-0.44657152901896846,28,27,12,0,0,3,0,0,988571.0331725414,0.14892412455970905,-0.11301512349725229,0.05080390905561897,0
LEOD158,SPY,0.9,730,0.5,5,signal_close_to_next_close_quote_side,FREE_DISCOVERY_LOCAL_EOD_PROXY,2012-01-03,2025-12-12,3508,11465602.911051933,10.465602911051933,0.1912165378531676,0.2409999746251362,0.8484393091966662,-0.44578628628209716,28,27,14,0,0,3,0,0,988324.0731725416,0.14908384547921805,-0.11276453008050857,0.05076086310311193,0
LEOD159,SPY,0.9,730,0.5,10,signal_close_to_next_close_quote_side,FREE_DISCOVERY_LOCAL_EOD_PROXY,2012-01-03,2025-12-12,3508,11294918.44259993,10.29491844259993,0.18993565656266953,0.24113667462278346,0.843623069107161,-0.44613260635036156,28,27,13,0,0,3,0,0,988077.1131725414,0.14931617147460785,-0.11287503051154413,0.05074343984719768,0
LEOD160,SPY,0.9,730,1.0,0,signal_close_to_next_close_quote_side,FREE_DISCOVERY_LOCAL_EOD_PROXY,2012-01-03,2025-12-12,3508,71748830.15000002,70.74883015000002,0.3586822554313376,0.5998885687538135,0.8056356405776498,-0.8844958102300463,28,27,13,0,0,3,0,0,976827.8499999999,0.7452922075123567,-0.3824062323033619,0.12325458927686994,1
LEOD161,SPY,0.9,730,1.0,5,signal_close_to_next_close_quote_side,FREE_DISCOVERY_LOCAL_EOD_PROXY,2012-01-03,2025-12-12,3508,69845772.89500004,68.84577289500004,0.3560649018947175,0.60005677305365,0.8023405494185701,-0.8845664421472722,28,27,13,0,0,3,0,0,976331.872,0.7458077918473651,-0.3825154986927357,0.12329561182341262,1
LEOD162,SPY,0.9,730,1.0,10,signal_close_to_next_close_quote_side,FREE_DISCOVERY_LOCAL_EOD_PROXY,2012-01-03,2025-12-12,3508,68049332.33100006,67.04933233100006,0.3535327189524251,0.6001013376937264,0.7992122897791011,-0.8845223552403519,28,27,14,0,0,3,0,0,975835.8940000001,0.7454859013398352,-0.3824472917124577,0.12334660868957811,1
