strategy,crisis,start,end,cagr,max_drawdown,max_underwater_years,terminal,vol
MKT_1x,Great_Depression_1929_1939,1929-08-01,1939-12-31,-0.028272205197180877,-0.8407399476860213,12.218253968253968,0.7022351491475837,0.2868013891541968
MKT_1x,Stagflation_1966_1982,1966-01-01,1982-12-31,0.07464299970039545,-0.48159482400007925,3.9642857142857144,3.380728940202166,0.13015271561434
MKT_1x,Crash_1987,1987-08-01,1989-07-31,0.0766124975843383,-0.33114245552627086,1.7222222222222223,1.159434058640713,0.21775186554997653
MKT_1x,Dotcom_2000_2007,2000-03-01,2007-06-30,0.027062578355316225,-0.4922560493880209,6.559523809523809,1.2156649014955867,0.17908210937301058
MKT_1x,GFC_2007_2013,2007-10-01,2013-03-31,0.03483811540423143,-0.5456553593385385,4.380952380952381,1.2067609201418248,0.255087761573379
MKT_1x,COVID_2020,2020-02-01,2020-08-31,0.21115419576127104,-0.34216280934892906,0.4603174603174603,1.1182348049742281,0.42765514793783316
MKT_1x,Inflation_2022_2024,2022-01-01,2024-07-31,0.06579470130445242,-0.2544907238944222,1.9484126984126984,1.1777436161519925,0.18765859998209056
LETF_1p5_BH,Great_Depression_1929_1939,1929-08-01,1939-12-31,-0.08387265975399649,-0.9483671602251647,12.218253968253968,0.3396961945696792,0.43021371159926064
LETF_1p5_BH,Stagflation_1966_1982,1966-01-01,1982-12-31,0.05738648540116209,-0.6634055456986988,6.595238095238095,2.570694845028509,0.19525805129896392
LETF_1p5_BH,Crash_1987,1987-08-01,1989-07-31,0.04755879590538892,-0.4743432909887185,1.9325396825396826,1.0975817788689732,0.3266380842146334
LETF_1p5_BH,Dotcom_2000_2007,2000-03-01,2007-06-30,0.0011753798028368845,-0.683718520024822,7.242063492063492,1.0086280922158841,0.2686365445416312
LETF_1p5_BH,GFC_2007_2013,2007-10-01,2013-03-31,0.012789579003462892,-0.7240313965422063,5.396825396825397,1.072235118299483,0.38264314067856525
LETF_1p5_BH,COVID_2020,2020-02-01,2020-08-31,0.2234178858340643,-0.4808381319650722,0.5119047619047619,1.1248259182755533,0.6415295027328926
LETF_1p5_BH,Inflation_2022_2024,2022-01-01,2024-07-31,0.05427746667581901,-0.3761344652721458,2.107142857142857,1.1453437685924601,0.2814485189511521
LETF_2x_BH,Great_Depression_1929_1939,1929-08-01,1939-12-31,-0.1461464843066993,-0.9843414460169011,12.218253968253968,0.14265034228035342,0.5736261742196739
LETF_2x_BH,Stagflation_1966_1982,1966-01-01,1982-12-31,0.04548427653937814,-0.7809179222516632,7.091269841269841,2.1225819221612086,0.2603656581140208
LETF_2x_BH,Crash_1987,1987-08-01,1989-07-31,0.01304608629511339,-0.5950646333850669,1.9365079365079365,1.026315160524118,0.43552469750705747
LETF_2x_BH,Dotcom_2000_2007,2000-03-01,2007-06-30,-0.022998899710527487,-0.8056236059249056,7.242063492063492,0.8435242045271127,0.35819178657513984
LETF_2x_BH,GFC_2007_2013,2007-10-01,2013-03-31,-0.016166960814948284,-0.8385914580747725,5.4603174603174605,0.9144332000342664,0.5101986755054914
LETF_2x_BH,COVID_2020,2020-02-01,2020-08-31,0.18732575852147182,-0.5973285354987082,0.5357142857142857,1.1053481847105153,0.8554039552478235
LETF_2x_BH,Inflation_2022_2024,2022-01-01,2024-07-31,0.04315153226112134,-0.481066915842142,2.1984126984126986,1.1145671075094117,0.37523920759144214
LETF_3x_BH,Great_Depression_1929_1939,1929-08-01,1939-12-31,-0.3033140001293696,-0.9989338717549183,12.218253968253968,0.011624379107584978,0.8604512396281585
LETF_3x_BH,Stagflation_1966_1982,1966-01-01,1982-12-31,0.009181428996026808,-0.9231672241662945,14.09920634920635,1.1672455592767546,0.39058314213454515
LETF_3x_BH,Crash_1987,1987-08-01,1989-07-31,-0.10362890139925529,-0.7796825777223014,1.9365079365079365,0.8031324067800324,0.6532983186936276
LETF_3x_BH,Dotcom_2000_2007,2000-03-01,2007-06-30,-0.09178450141436567,-0.9342566288298352,7.242063492063492,0.4945553637583365,0.5373030774206127
LETF_3x_BH,GFC_2007_2013,2007-10-01,2013-03-31,-0.1175073386332165,-0.9527964125444887,5.4603174603174605,0.5035671142757007,0.7653099008715667
LETF_3x_BH,COVID_2020,2020-02-01,2020-08-31,-0.04415989844344448,-0.772042350976798,0.5357142857142857,0.9739979903262717,1.2831529579832692
LETF_3x_BH,Inflation_2022_2024,2022-01-01,2024-07-31,-0.005637870867739259,-0.6550318910186981,2.5,0.985588880858796,0.5628213547534059
LETF_S9_35_12,Great_Depression_1929_1939,1929-08-01,1939-12-31,0.007239783014118872,-0.7302630532102778,7.591269841269841,1.0929841794933222,0.2755840721190273
LETF_S9_35_12,Stagflation_1966_1982,1966-01-01,1982-12-31,0.09788697177991978,-0.5429928390450379,3.111111111111111,4.855800951153726,0.25260389689361334
LETF_S9_35_12,Crash_1987,1987-08-01,1989-07-31,0.2351429738620905,-0.3745214677222797,1.7182539682539681,1.5268572012204544,0.2866977683545453
LETF_S9_35_12,Dotcom_2000_2007,2000-03-01,2007-06-30,0.00070411363064804,-0.6337335620215122,7.242063492063492,1.0051609896344127,0.261336535238497
LETF_S9_35_12,GFC_2007_2013,2007-10-01,2013-03-31,0.10267410875961902,-0.42078954296158977,2.4761904761904763,1.7098347982133173,0.2872447964488721
LETF_S9_35_12,COVID_2020,2020-02-01,2020-08-31,0.28940899840208156,-0.3123956879586023,0.5277777777777778,1.159830627902902,0.318558499822726
LETF_S9_35_12,Inflation_2022_2024,2022-01-01,2024-07-31,0.10599170370338151,-0.32716527097877834,2.0555555555555554,1.2951831570460077,0.2766270505931239
LETF_S9_35_0,Great_Depression_1929_1939,1929-08-01,1939-12-31,0.05345952155794764,-0.5798151807866019,7.2976190476190474,1.9000892949165546,0.25682501131128965
LETF_S9_35_0,Stagflation_1966_1982,1966-01-01,1982-12-31,0.15107980791064612,-0.42825454991015954,2.261904761904762,10.812914483327718,0.23930187091314994
LETF_S9_35_0,Crash_1987,1987-08-01,1989-07-31,0.24471506854052638,-0.3545020534518485,1.6587301587301588,1.5506620416474703,0.27210900278303846
LETF_S9_35_0,Dotcom_2000_2007,2000-03-01,2007-06-30,0.008678164163578028,-0.530224897779002,7.158730158730159,1.0652333426112235,0.2483893121425992
LETF_S9_35_0,GFC_2007_2013,2007-10-01,2013-03-31,0.10540186991147205,-0.33238327103929866,2.2063492063492065,1.7331772286248808,0.27565431305988664
LETF_S9_35_0,COVID_2020,2020-02-01,2020-08-31,0.22565432919557282,-0.30464682269339627,0.5357142857142857,1.1260249202606967,0.30611404707848705
LETF_S9_35_0,Inflation_2022_2024,2022-01-01,2024-07-31,0.09563211460409016,-0.32435201591066976,2.0833333333333335,1.264263735906878,0.26477972967370594
FUT_VOL25,Great_Depression_1929_1939,1929-08-01,1939-12-31,-0.05458109240848197,-0.8522343365159556,11.527777777777779,0.5006792837129971,0.28190986912402693
FUT_VOL25,Stagflation_1966_1982,1966-01-01,1982-12-31,0.03081708564342711,-0.7129287945498324,11.186507936507937,1.6712490823997015,0.2603645893294787
FUT_VOL25,Crash_1987,1987-08-01,1989-07-31,0.264562762872784,-0.39120290803750457,1.4563492063492063,1.6006091810134684,0.29088848558947344
FUT_VOL25,Dotcom_2000_2007,2000-03-01,2007-06-30,0.0013764411222774164,-0.6865244092046427,7.242063492063492,1.010110438110541,0.26333128977417986
FUT_VOL25,GFC_2007_2013,2007-10-01,2013-03-31,0.09441337769752467,-0.5186979933855858,3.1944444444444446,1.6407077014897482,0.2697274223364261
FUT_VOL25,COVID_2020,2020-02-01,2020-08-31,0.34029583963561794,-0.2688867410668433,0.5119047619047619,1.1863160074353054,0.28841585302147876
FUT_VOL25,Inflation_2022_2024,2022-01-01,2024-07-31,0.11125676673766338,-0.3036823537516564,1.9523809523809523,1.3110724802132998,0.2626950997079935
FUT_35_12,Great_Depression_1929_1939,1929-08-01,1939-12-31,0.013819010189553005,-0.7237903351233709,7.583333333333333,1.184308020693274,0.2755975362531643
FUT_35_12,Stagflation_1966_1982,1966-01-01,1982-12-31,0.11121470302020375,-0.5374607932855867,3.0674603174603177,5.9556735541886345,0.2526060796060569
FUT_35_12,Crash_1987,1987-08-01,1989-07-31,0.2512503057553028,-0.37325656465885215,1.6587301587301588,1.5670205061535463,0.28673374477882185
FUT_35_12,Dotcom_2000_2007,2000-03-01,2007-06-30,0.010819759721419464,-0.6300589649428595,7.150793650793651,1.081885340493294,0.26134822456596407
FUT_35_12,GFC_2007_2013,2007-10-01,2013-03-31,0.11234551965227113,-0.41880209080607744,2.4761904761904763,1.7937748541567566,0.28726397540676496
FUT_35_12,COVID_2020,2020-02-01,2020-08-31,0.29772760971084855,-0.31241959950517795,0.5277777777777778,1.1641896509526224,0.3186695435295217
FUT_35_12,Inflation_2022_2024,2022-01-01,2024-07-31,0.11675986171810826,-0.3248758579736861,2.0476190476190474,1.3278067550720465,0.27665443393178735
FUT_35_0,Great_Depression_1929_1939,1929-08-01,1939-12-31,0.05843919957182919,-0.5760696505553671,7.2976190476190474,2.013803998811895,0.25683196599071456
FUT_35_0,Stagflation_1966_1982,1966-01-01,1982-12-31,0.1621099942602655,-0.4270572594202402,2.261904761904762,12.706462612918859,0.23929110852729185
FUT_35_0,Crash_1987,1987-08-01,1989-07-31,0.2596118011306594,-0.3511876475680825,1.6507936507936507,1.5880757219290376,0.27213833620208877
FUT_35_0,Dotcom_2000_2007,2000-03-01,2007-06-30,0.01680807989691213,-0.5301648876163652,7.079365079365079,1.1296457838110558,0.24841977030866202
FUT_35_0,GFC_2007_2013,2007-10-01,2013-03-31,0.11359722289406426,-0.3324210329354692,2.2023809523809526,1.8048806059554112,0.2756763106348519
FUT_35_0,COVID_2020,2020-02-01,2020-08-31,0.23221795271618118,-0.30509221234606043,0.5357142857142857,1.1295385571615737,0.306264546584744
FUT_35_0,Inflation_2022_2024,2022-01-01,2024-07-31,0.10448228499584156,-0.3245728054780037,2.0714285714285716,1.2906497143149285,0.26480727439943974
FUT_40_0,Great_Depression_1929_1939,1929-08-01,1939-12-31,0.05628779172099274,-0.6199009299864987,7.301587301587301,1.963929060085574,0.283254121946069
FUT_40_0,Stagflation_1966_1982,1966-01-01,1982-12-31,0.16983673558086587,-0.4423859269902328,2.1746031746031744,14.214204858545394,0.24908503613216007
FUT_40_0,Crash_1987,1987-08-01,1989-07-31,0.23573124691581926,-0.37751715631888694,1.7182539682539681,1.5283148564105555,0.2838740166296576
FUT_40_0,Dotcom_2000_2007,2000-03-01,2007-06-30,0.010418013815750804,-0.5723689022977216,7.158730158730159,1.078744550289044,0.26272388919440276
FUT_40_0,GFC_2007_2013,2007-10-01,2013-03-31,0.11263169907352077,-0.3635459313271314,2.2023809523809526,1.7963090431469915,0.2996671986478904
FUT_40_0,COVID_2020,2020-02-01,2020-08-31,0.19998493674414464,-0.34169972213604427,0.5357142857142857,1.112207655554547,0.3443442493555904
FUT_40_0,Inflation_2022_2024,2022-01-01,2024-07-31,0.10483750581093276,-0.36529645132728483,2.0873015873015874,1.2917157242275763,0.28158952372392604
FUT_2x_200DMA,Great_Depression_1929_1939,1929-08-01,1939-12-31,0.08161718605187884,-0.5955710046550324,3.5396825396825395,2.6300886405648134,0.34799684571753936
FUT_2x_200DMA,Stagflation_1966_1982,1966-01-01,1982-12-31,0.15528256290074105,-0.3251187525499828,2.0912698412698414,11.500704845342945,0.17821698914619435
FUT_2x_200DMA,Crash_1987,1987-08-01,1989-07-31,0.1523573518484953,-0.2959345920987997,1.7182539682539681,1.3286749505315079,0.20158291751451404
FUT_2x_200DMA,Dotcom_2000_2007,2000-03-01,2007-06-30,0.0029677681241995213,-0.5665087736510127,7.242063492063492,1.0219091616168936,0.2082244103958161
FUT_2x_200DMA,GFC_2007_2013,2007-10-01,2013-03-31,0.07486265620221322,-0.40180731748454257,2.9246031746031744,1.4861686989796308,0.24078172874475576
FUT_2x_200DMA,COVID_2020,2020-02-01,2020-08-31,0.07269649893967034,-0.34620903065688946,0.5357142857142857,1.0417851683359125,0.34380571847308555
FUT_2x_200DMA,Inflation_2022_2024,2022-01-01,2024-07-31,0.062234582887383816,-0.33702062773533215,2.142857142857143,1.1676694835178072,0.20563915006051517
DIP_CONF_1p5_PROXY,Great_Depression_1929_1939,1929-08-01,1939-12-31,-0.02295709188945272,-0.8595599887550395,12.218253968253968,0.751071997564709,0.344879357925752
DIP_CONF_1p5_PROXY,Stagflation_1966_1982,1966-01-01,1982-12-31,0.08405425528723476,-0.5189042959486401,3.6984126984126986,3.9181899667023035,0.13825912119552114
DIP_CONF_1p5_PROXY,Crash_1987,1987-08-01,1989-07-31,0.07759575122755624,-0.33114245552627086,1.7182539682539681,1.161557020037818,0.22702245851086372
DIP_CONF_1p5_PROXY,Dotcom_2000_2007,2000-03-01,2007-06-30,0.017903590113498735,-0.557326710742752,6.865079365079365,1.1385772323639234,0.20683517888879802
DIP_CONF_1p5_PROXY,GFC_2007_2013,2007-10-01,2013-03-31,0.050301939549165064,-0.5456553593385385,3.257936507936508,1.3091040940043182,0.26272914124217495
DIP_CONF_1p5_PROXY,COVID_2020,2020-02-01,2020-08-31,0.3672590504755002,-0.34216280934892906,0.2976190476190476,1.200179775199829,0.4531997028738341
DIP_CONF_1p5_PROXY,Inflation_2022_2024,2022-01-01,2024-07-31,0.0778514078462964,-0.2544907238944222,1.9285714285714286,1.2122541138000211,0.20516543462183873
DIP_BLIND_2x_PROXY,Great_Depression_1929_1939,1929-08-01,1939-12-31,-0.11253886162199056,-0.9723159795058719,12.218253968253968,0.2295726226967385,0.4942292880625072
DIP_BLIND_2x_PROXY,Stagflation_1966_1982,1966-01-01,1982-12-31,0.05507657525958076,-0.6773550014751119,6.591269841269841,2.477306495813991,0.1793837514178744
DIP_BLIND_2x_PROXY,Crash_1987,1987-08-01,1989-07-31,0.059797104042697224,-0.45001490516242304,1.7738095238095237,1.1234287842498978,0.34250636711397625
DIP_BLIND_2x_PROXY,Dotcom_2000_2007,2000-03-01,2007-06-30,0.003333767115741182,-0.6403737031073793,6.7976190476190474,1.0246395870387595,0.2674213837940974
DIP_BLIND_2x_PROXY,GFC_2007_2013,2007-10-01,2013-03-31,0.013373035316988968,-0.7605932204798405,5.305555555555555,1.0756295122295092,0.4265147920401961
DIP_BLIND_2x_PROXY,COVID_2020,2020-02-01,2020-08-31,0.33225188890116675,-0.4409206808695634,0.29365079365079366,1.1821575703477025,0.6889331368783485
DIP_BLIND_2x_PROXY,Inflation_2022_2024,2022-01-01,2024-07-31,0.08269542087342141,-0.29982975640576315,1.5595238095238095,1.2262910424207836,0.266060145835372
