regime,strategy,horizon_years,paths,median_cagr,p10_cagr,p01_cagr,prob_beat_1x,prob_dd_gt_50,prob_dd_gt_70,prob_dd_gt_90,median_max_dd,p10_max_dd,prob_terminal_below_start,prob_terminal_below_0p1
baseline_history,MKT_1x,10,2500,0.10124384211607462,0.019015447082900216,-0.041996834670321254,0.0,0.1452,0.0076,0.0,-0.37113292010163446,-0.5320647511731876,0.0572,0.0
baseline_history,MKT_1x,20,2500,0.09744595983472393,0.0386169662193387,-0.0058855124125181575,0.0,0.2956,0.0236,0.0,-0.43704182319235996,-0.6033089568273713,0.0152,0.0
baseline_history,MKT_1x,40,2500,0.09778530754321191,0.05662446534787251,0.021071303314149,0.0,0.5252,0.0612,0.0,-0.5073955425140988,-0.6636966071302971,0.0004,0.0
baseline_history,LETF_1p5_BH,10,2500,0.1128958001025181,-0.010085117139852927,-0.09939550224490323,0.6368,0.584,0.1264,0.0032,-0.5291380174152747,-0.7211697421139288,0.1184,0.0
baseline_history,LETF_1p5_BH,20,2500,0.10814285632286913,0.01856826550892026,-0.04975676831003916,0.6656,0.8276,0.2788,0.0136,-0.6174439564674783,-0.801786078164817,0.0584,0.0
baseline_history,LETF_1p5_BH,40,2500,0.10755175147125828,0.04450322165546827,-0.008304630743546123,0.712,0.9748,0.5028,0.0408,-0.7006500735647937,-0.8555382432800421,0.0156,0.0
baseline_history,LETF_2x_BH,10,2500,0.1271135314701266,-0.03810582279808082,-0.15580070858936138,0.644,0.8372,0.3876,0.0376,-0.6529809860650759,-0.8389969681665238,0.1704,0.0028
baseline_history,LETF_2x_BH,20,2500,0.12013052960885706,0.00031719921859274774,-0.09154423858312355,0.6764,0.9692,0.6452,0.108,-0.7456642560102951,-0.9028502764136564,0.1,0.0052
baseline_history,LETF_2x_BH,40,2500,0.11981286318200224,0.032694934857865746,-0.03775777656590446,0.7308,0.9996,0.8844,0.2408,-0.8253224675351525,-0.9429861076437716,0.0364,0.0036
baseline_history,LETF_3x_BH,10,2500,0.12829217191805098,-0.11982217977922217,-0.2793476375314724,0.5776,0.9864,0.792,0.272,-0.8268524098240926,-0.9568471585678763,0.2648,0.0392
baseline_history,LETF_3x_BH,20,2500,0.11782614910770994,-0.05951189056887925,-0.19195809636267833,0.5756,1.0,0.952,0.5152,-0.9037829572585925,-0.9838381773809325,0.1948,0.0508
baseline_history,LETF_3x_BH,40,2500,0.1191380855358315,-0.013481313997010622,-0.11832458947275541,0.6092,1.0,0.9996,0.7928,-0.9542338229920977,-0.9949355838043985,0.122,0.0444
baseline_history,LETF_S9_35_12,10,2500,0.16041817602390396,0.017338317626352653,-0.08821514557672035,0.8012,0.53,0.0556,0.0,-0.506342384749322,-0.6599928522712412,0.0716,0.0
baseline_history,LETF_S9_35_12,20,2500,0.15835148665253673,0.05351303328531656,-0.011928628379759767,0.8888,0.8208,0.1564,0.0012,-0.5838344983324765,-0.734569429630614,0.0184,0.0
baseline_history,LETF_S9_35_12,40,2500,0.15878493904002478,0.08362179280277508,0.02478090104714079,0.9592,0.966,0.3128,0.0068,-0.6485262798661402,-0.7885755742492047,0.0032,0.0
baseline_history,LETF_S9_35_0,10,2500,0.1537631366798683,0.020196527527687125,-0.07587442556755651,0.7708,0.4236,0.0384,0.0,-0.48064789045127015,-0.633423245204717,0.064,0.0
baseline_history,LETF_S9_35_0,20,2500,0.1543671084152065,0.05211105194018399,-0.007304646436976022,0.8564,0.7204,0.1044,0.0008,-0.5569764559648125,-0.704701496603009,0.0156,0.0
baseline_history,LETF_S9_35_0,40,2500,0.1529966094370091,0.08110233746394266,0.026650196049197907,0.938,0.9216,0.228,0.0016,-0.6217208370830208,-0.7610088015935039,0.0016,0.0
baseline_history,FUT_VOL25,10,2500,0.15539191411817233,0.016991784991202862,-0.08620313222246404,0.8176,0.588,0.1016,0.0004,-0.5270802281749636,-0.7013670358285821,0.0788,0.0
baseline_history,FUT_VOL25,20,2500,0.15454885694316955,0.052338015483194014,-0.02011937606043623,0.8956,0.838,0.2376,0.006,-0.6139953350844849,-0.7781316907462557,0.0232,0.0
baseline_history,FUT_VOL25,40,2500,0.15412698666537006,0.07902272644119981,0.02133546906730167,0.9672,0.976,0.4552,0.0236,-0.6839834600715968,-0.833791353925882,0.0044,0.0
baseline_history,FUT_35_12,10,2500,0.17457247477647497,0.027547945126747655,-0.07968228513604868,0.852,0.4916,0.0432,0.0,-0.49786176500447454,-0.6503304693523698,0.06,0.0
baseline_history,FUT_35_12,20,2500,0.17216961269146747,0.06530788006689903,-0.0021847509737462373,0.934,0.782,0.1292,0.0012,-0.5721815329067802,-0.7197661756259903,0.0108,0.0
baseline_history,FUT_35_12,40,2500,0.17247481460047143,0.09571602154105462,0.03617061204274634,0.9816,0.9512,0.266,0.0052,-0.6346026060833049,-0.7746248161210639,0.002,0.0
baseline_history,FUT_35_0,10,2500,0.16473433802758486,0.028594771456927702,-0.07075430867027888,0.81,0.4,0.0336,0.0,-0.4749610912090381,-0.6261120769079046,0.0552,0.0
baseline_history,FUT_35_0,20,2500,0.16521186871742466,0.06114805034496003,-0.0010465893629057193,0.8908,0.6896,0.0952,0.0008,-0.5491433084137988,-0.6945214795805905,0.0104,0.0
baseline_history,FUT_35_0,40,2500,0.16437278262599042,0.09032087719504958,0.03479126744309319,0.9628,0.9072,0.2072,0.0016,-0.6111803627632534,-0.7509097747994274,0.0008,0.0
baseline_history,FUT_40_0,10,2500,0.16877092297199647,0.023906447819111398,-0.07937891086824449,0.8104,0.506,0.0552,0.0,-0.5017573569208489,-0.6536396261795038,0.0612,0.0
baseline_history,FUT_40_0,20,2500,0.16888374484230184,0.059922306969431904,-0.004337495362764637,0.894,0.7916,0.1388,0.0016,-0.5769200555658487,-0.7244402624695779,0.0136,0.0
baseline_history,FUT_40_0,40,2500,0.16836781157296543,0.09179740703669692,0.03314606193255637,0.9624,0.954,0.2904,0.004,-0.6410661581792442,-0.7832479395408055,0.0012,0.0
baseline_history,FUT_2x_200DMA,10,2500,0.13551537819110693,0.01763964747303186,-0.06761354401825892,0.7552,0.3256,0.0244,0.0,-0.4466414691350976,-0.6047780090900555,0.0708,0.0
baseline_history,FUT_2x_200DMA,20,2500,0.13448797453727412,0.049388015644354515,-0.007107649445323736,0.8272,0.5768,0.0696,0.0,-0.5199152041211006,-0.6750673108890661,0.0144,0.0
baseline_history,FUT_2x_200DMA,40,2500,0.1358053857361171,0.07154359499700236,0.02480556083791494,0.9044,0.8224,0.1536,0.0008,-0.5846308730398024,-0.7326383418031686,0.0012,0.0
high_inflation_1966_1982,MKT_1x,10,2500,0.07479532086081964,0.003077401277598013,-0.05308352164382201,0.0,0.096,0.0024,0.0,-0.3412431166568828,-0.4975500450693724,0.0884,0.0
high_inflation_1966_1982,MKT_1x,20,2500,0.07327809658119755,0.021250107604351243,-0.01711323986849418,0.0,0.2216,0.012,0.0,-0.4100639765651518,-0.5671339598784241,0.0356,0.0
high_inflation_1966_1982,MKT_1x,40,2500,0.07333260004089737,0.03558084710128491,0.0035779585460328943,0.0,0.4132,0.036,0.0,-0.47482817847132236,-0.6329323260536229,0.0068,0.0
high_inflation_1966_1982,LETF_1p5_BH,10,2500,0.057836280626091585,-0.047062441810176305,-0.12580562332420975,0.2708,0.5632,0.122,0.0008,-0.5225364309027846,-0.7151212223903762,0.2504,0.0
high_inflation_1966_1982,LETF_1p5_BH,20,2500,0.055586815362892894,-0.021333107550398498,-0.07460401338100343,0.194,0.8376,0.3068,0.016,-0.623350912986595,-0.8068311686408579,0.1676,0.0016
high_inflation_1966_1982,LETF_1p5_BH,40,2500,0.05535806667470344,-0.00021118290083500476,-0.046323896349215334,0.114,0.9736,0.5428,0.0612,-0.7126667410024081,-0.8758526901557898,0.1012,0.0048
high_inflation_1966_1982,LETF_2x_BH,10,2500,0.045747180639649665,-0.09030553308380683,-0.18912588108136472,0.306,0.8528,0.4004,0.0368,-0.6596455335392739,-0.8413264224572845,0.3452,0.004
high_inflation_1966_1982,LETF_2x_BH,20,2500,0.04274375277457454,-0.05721368693523354,-0.12464612310487751,0.2292,0.9836,0.7024,0.148,-0.7688255548475993,-0.9177181292205244,0.2952,0.0228
high_inflation_1966_1982,LETF_2x_BH,40,2500,0.043392160097420085,-0.030529751971831765,-0.08966508040506893,0.15,0.9992,0.918,0.3392,-0.8532962009954842,-0.9642273946508827,0.2288,0.0388
high_inflation_1966_1982,LETF_3x_BH,10,2500,0.009888299867544359,-0.18267295107632092,-0.30946147285962367,0.2788,0.9952,0.8264,0.316,-0.8361931498030855,-0.9568451390556213,0.4744,0.0748
high_inflation_1966_1982,LETF_3x_BH,20,2500,0.005209811588085866,-0.13720380864486037,-0.2283356603806804,0.2024,1.0,0.976,0.6136,-0.9280400078221502,-0.9891252290257221,0.4808,0.1436
high_inflation_1966_1982,LETF_3x_BH,40,2500,0.005901053011737933,-0.10008330178763702,-0.18192868887759767,0.124,1.0,0.9992,0.8664,-0.9726861959087932,-0.998287784970616,0.4668,0.2316
high_inflation_1966_1982,LETF_S9_35_12,10,2500,0.06757630612079168,-0.05937650058135667,-0.1397484319147401,0.4668,0.8228,0.2152,0.0016,-0.5965292100120658,-0.7594618483735082,0.256,0.0
high_inflation_1966_1982,LETF_S9_35_12,20,2500,0.06809217993133132,-0.024630718605896794,-0.08583050895403364,0.4688,0.9756,0.4988,0.0296,-0.699525837368877,-0.8463513211559986,0.1736,0.0024
high_inflation_1966_1982,LETF_S9_35_12,40,2500,0.0708786317772997,-0.0013721371583905071,-0.0533313072152625,0.4704,0.9992,0.7732,0.118,-0.7766719484439514,-0.9075463682855683,0.1084,0.0084
high_inflation_1966_1982,LETF_S9_35_0,10,2500,0.10545607379896105,-0.007665448993920831,-0.07980992001544579,0.7188,0.4088,0.0272,0.0,-0.4783604633161359,-0.6157632247705045,0.116,0.0
high_inflation_1966_1982,LETF_S9_35_0,20,2500,0.10825148112276839,0.025277038423297316,-0.03307097990890572,0.7876,0.7344,0.0944,0.0008,-0.5540862469699281,-0.6970980513490976,0.04,0.0
high_inflation_1966_1982,LETF_S9_35_0,40,2500,0.11025276005792117,0.04704796789228716,0.004483623961147622,0.8712,0.9328,0.214,0.0032,-0.6192654913368507,-0.7565953311077208,0.0048,0.0
high_inflation_1966_1982,FUT_VOL25,10,2500,0.03182734883002902,-0.1071618720970103,-0.20046076280244352,0.254,0.9064,0.4612,0.0448,-0.6845896683897361,-0.8591164248824686,0.3924,0.0084
high_inflation_1966_1982,FUT_VOL25,20,2500,0.030715381449345158,-0.07202249214098076,-0.14317428258723086,0.174,0.9924,0.7656,0.1976,-0.7975771374278192,-0.9353178368045456,0.3588,0.0368
high_inflation_1966_1982,FUT_VOL25,40,2500,0.030282414285530912,-0.045230180296861044,-0.10234275697291163,0.102,1.0,0.9496,0.4328,-0.881057317535989,-0.9762984885125656,0.3084,0.0692
high_inflation_1966_1982,FUT_35_12,10,2500,0.08031323829951387,-0.04979777918553323,-0.13142154142497822,0.546,0.7952,0.1852,0.0,-0.5848946654423722,-0.7469053841806867,0.22,0.0
high_inflation_1966_1982,FUT_35_12,20,2500,0.08096734807962924,-0.013821587744268815,-0.07641617878283935,0.5728,0.9668,0.4452,0.0208,-0.6840612264871029,-0.8304926260203402,0.138,0.0016
high_inflation_1966_1982,FUT_35_12,40,2500,0.08354626062176396,0.009791148128215977,-0.04334374704370682,0.6224,0.998,0.7176,0.0872,-0.757248541837064,-0.8919272481385345,0.0672,0.0028
high_inflation_1966_1982,FUT_35_0,10,2500,0.1150955828834268,1.7616004520105893e-05,-0.0746580031122827,0.7668,0.376,0.0212,0.0,-0.4709012092714105,-0.6060384809194332,0.1,0.0
high_inflation_1966_1982,FUT_35_0,20,2500,0.11846336142995839,0.032873725107941974,-0.026254240189998074,0.8484,0.6896,0.0768,0.0008,-0.5424810046172034,-0.6822941886513657,0.0312,0.0
high_inflation_1966_1982,FUT_35_0,40,2500,0.12041438481819333,0.055676892252319934,0.01210381339169018,0.924,0.9044,0.1756,0.002,-0.606896008338294,-0.7435039674550217,0.0024,0.0
high_inflation_1966_1982,FUT_40_0,10,2500,0.12326696343942212,0.00027513967513290887,-0.07444301340228691,0.7828,0.44,0.0296,0.0,-0.48594002011935744,-0.6219038046379104,0.0996,0.0
high_inflation_1966_1982,FUT_40_0,20,2500,0.12482871223263647,0.033708202902460196,-0.027485342069491738,0.8672,0.76,0.1004,0.0008,-0.5590312612636463,-0.7007317794149489,0.0288,0.0
high_inflation_1966_1982,FUT_40_0,40,2500,0.12681039668156602,0.058694167005413925,0.013514704588644264,0.9352,0.9444,0.22,0.0028,-0.6231174858134729,-0.7573294587604331,0.0024,0.0
high_inflation_1966_1982,FUT_2x_200DMA,10,2500,0.12318625063412636,0.03161156814829717,-0.024297606452039596,0.8836,0.036,0.0004,0.0,-0.3424143844731702,-0.44389773089835366,0.036,0.0
high_inflation_1966_1982,FUT_2x_200DMA,20,2500,0.12382109402212271,0.05624760503316355,0.011113887152578416,0.9564,0.1028,0.0012,0.0,-0.38942755317980915,-0.5013395836295097,0.0044,0.0
high_inflation_1966_1982,FUT_2x_200DMA,40,2500,0.12568441487798854,0.07573917635851135,0.04029871326004273,0.9896,0.21,0.0028,0.0,-0.4338074833987576,-0.5423660062629838,0.0,0.0
crisis_heavy_empirical,MKT_1x,10,2500,-0.029175515707568933,-0.12336717493325676,-0.2034413199526634,0.0,0.8152,0.3816,0.0252,-0.6493976051584319,-0.8335468462278096,0.6416,0.0096
crisis_heavy_empirical,MKT_1x,20,2500,-0.028880260928131174,-0.09657564781865527,-0.15068746923631998,0.0,0.974,0.7324,0.1892,-0.794909327354369,-0.9303476409917828,0.6932,0.068
crisis_heavy_empirical,MKT_1x,40,2500,-0.029686637674619265,-0.07812612911065395,-0.1174351636260434,0.0,0.9992,0.9572,0.5584,-0.9139073770425346,-0.9827830258149789,0.772,0.2416
crisis_heavy_empirical,LETF_1p5_BH,10,2500,-0.08375744419586528,-0.21471616492212955,-0.32116496493938124,0.096,0.9868,0.8096,0.3024,-0.8366441266385034,-0.9523234854305526,0.7496,0.1176
crisis_heavy_empirical,LETF_1p5_BH,20,2500,-0.08338346385741419,-0.17908185222255463,-0.25474773118652677,0.0276,0.9996,0.974,0.7012,-0.9447238190839463,-0.9908586140510807,0.8348,0.3792
crisis_heavy_empirical,LETF_1p5_BH,40,2500,-0.0846065946025279,-0.15286695412490117,-0.20791698350131857,0.0016,1.0,0.9992,0.9536,-0.9925761929627854,-0.9994960347138594,0.9148,0.692
crisis_heavy_empirical,LETF_2x_BH,10,2500,-0.13869274948164578,-0.30202644557029185,-0.43333313707853577,0.088,0.9996,0.9544,0.618,-0.9288744817253864,-0.9873589240205012,0.8012,0.326
crisis_heavy_empirical,LETF_2x_BH,20,2500,-0.1398777772853329,-0.2591069474053933,-0.34897398569286564,0.0228,1.0,0.998,0.9156,-0.9875333749644291,-0.9989877702626523,0.8912,0.6184
crisis_heavy_empirical,LETF_2x_BH,40,2500,-0.14127282805832725,-0.22665173392027366,-0.2960102653191661,0.0016,1.0,1.0,0.9948,-0.9995284391620788,-0.9999891065839919,0.9636,0.864
crisis_heavy_empirical,LETF_3x_BH,10,2500,-0.27318026844715293,-0.4753892575448612,-0.6164012971473811,0.056,1.0,0.9992,0.9284,-0.9905478223944393,-0.9994409908428071,0.8884,0.64
crisis_heavy_empirical,LETF_3x_BH,20,2500,-0.2760405134427341,-0.4258081610523262,-0.5292779552397774,0.0088,1.0,1.0,0.9956,-0.9997115424808771,-0.9999948575769844,0.9592,0.8688
crisis_heavy_empirical,LETF_3x_BH,40,2500,-0.2783222317874047,-0.38565681380710765,-0.469123702720156,0.0,1.0,1.0,1.0,-0.9999996369084121,-0.9999999991529889,0.9952,0.976
crisis_heavy_empirical,LETF_S9_35_12,10,2500,-0.04778081485137842,-0.1419367856437207,-0.19681008425767912,0.394,0.9648,0.5636,0.0196,-0.7230216697093892,-0.856452555884755,0.692,0.004
crisis_heavy_empirical,LETF_S9_35_12,20,2500,-0.0460237517999148,-0.11493070156346577,-0.15881131715185082,0.362,0.9992,0.8948,0.3332,-0.8608737197998452,-0.9499694845728632,0.7612,0.1248
crisis_heavy_empirical,LETF_S9_35_12,40,2500,-0.046265586761494226,-0.09493806567062676,-0.12820194561675943,0.2992,1.0,0.9924,0.7616,-0.9545910023188555,-0.9911091985354882,0.83,0.3996
crisis_heavy_empirical,LETF_S9_35_0,10,2500,-0.017034297503103757,-0.10547171867405854,-0.15584320756436396,0.5684,0.8228,0.2852,0.002,-0.6228547252989638,-0.7841569808204112,0.5752,0.0008
crisis_heavy_empirical,LETF_S9_35_0,20,2500,-0.01483559491282932,-0.07890736400725509,-0.12287621407320178,0.6116,0.9868,0.6788,0.0824,-0.7579781968215595,-0.893652625176655,0.6064,0.0264
crisis_heavy_empirical,LETF_S9_35_0,40,2500,-0.014194872847483664,-0.06112019461288615,-0.09770907183243457,0.6548,1.0,0.9392,0.408,-0.8792457966476992,-0.965664567610834,0.6384,0.1364
crisis_heavy_empirical,FUT_VOL25,10,2500,-0.06485511180603559,-0.17865669808347506,-0.2602964652864886,0.1848,0.9628,0.676,0.136,-0.7711854243960523,-0.9166661983069871,0.7556,0.0524
crisis_heavy_empirical,FUT_VOL25,20,2500,-0.06694234349122441,-0.14928760962882634,-0.20844358938144403,0.1192,0.998,0.93,0.5184,-0.90462301204242,-0.9780532139954476,0.8224,0.2548
crisis_heavy_empirical,FUT_VOL25,40,2500,-0.06579709107253279,-0.12369883035843157,-0.16931977104958615,0.0528,1.0,0.9964,0.8724,-0.9797493574940666,-0.9977332735095644,0.908,0.5932
crisis_heavy_empirical,FUT_35_12,10,2500,-0.04162053040618002,-0.137158948134792,-0.19257334616745675,0.4396,0.9576,0.5372,0.0156,-0.7134979899878632,-0.8501782664450374,0.6608,0.0032
crisis_heavy_empirical,FUT_35_12,20,2500,-0.03928534614059165,-0.10914455899401976,-0.15408190900963323,0.4232,0.9992,0.8752,0.2936,-0.8489224593988066,-0.9445590520608382,0.7284,0.1016
crisis_heavy_empirical,FUT_35_12,40,2500,-0.03974072523151945,-0.08913002505560984,-0.12253741428088019,0.4024,1.0,0.9912,0.7116,-0.9461085023904507,-0.9889463390298858,0.7964,0.3392
crisis_heavy_empirical,FUT_35_0,10,2500,-0.012637931040240913,-0.10304598729101891,-0.15400032243070466,0.5904,0.812,0.2716,0.0012,-0.6170825725596267,-0.7785609507935926,0.5604,0.0004
crisis_heavy_empirical,FUT_35_0,20,2500,-0.010388482881481809,-0.07556029815483369,-0.1204178448284464,0.6432,0.9836,0.6508,0.0768,-0.7491982152523999,-0.8891014598486827,0.5724,0.0232
crisis_heavy_empirical,FUT_35_0,40,2500,-0.009815653136080404,-0.057567866054889213,-0.09513497111855361,0.7016,1.0,0.9304,0.38,-0.8698468324254899,-0.9622731500741397,0.5964,0.11
crisis_heavy_empirical,FUT_40_0,10,2500,-0.01993158029295755,-0.1170454592713909,-0.17224349441060147,0.5684,0.892,0.3776,0.0076,-0.6596901462655788,-0.815754591287306,0.5808,0.0016
crisis_heavy_empirical,FUT_40_0,20,2500,-0.017525022778622334,-0.08835461684884269,-0.13510940968702562,0.5992,0.9976,0.7612,0.1488,-0.7910344401636769,-0.9169984390073392,0.6088,0.0432
crisis_heavy_empirical,FUT_40_0,40,2500,-0.016537108133456435,-0.06787481705699917,-0.10769899897651736,0.6288,1.0,0.966,0.5208,-0.9044464460914826,-0.9766701373223697,0.6392,0.1756
crisis_heavy_empirical,FUT_2x_200DMA,10,2500,-0.009031637376825774,-0.10876674460191223,-0.1754453262808785,0.6356,0.8592,0.3584,0.0088,-0.6515755249722683,-0.810406079579758,0.5316,0.002
crisis_heavy_empirical,FUT_2x_200DMA,20,2500,-0.0053204354653523245,-0.08037713530344456,-0.13403176408732428,0.6844,0.9888,0.7392,0.1396,-0.7774669970656869,-0.9144749761478748,0.5336,0.032
crisis_heavy_empirical,FUT_2x_200DMA,40,2500,-0.004125039109690254,-0.06069381867764062,-0.09899377449940626,0.7524,0.9996,0.958,0.454,-0.8890509016821914,-0.9729001932270285,0.5424,0.1232
productivity_bull_empirical,MKT_1x,10,2500,0.17168233425241264,0.10398195297758712,0.04654565222332218,0.0,0.012,0.0004,0.0,-0.2915722663759568,-0.38799709274430577,0.0004,0.0
productivity_bull_empirical,MKT_1x,20,2500,0.17167144202467666,0.122753447015159,0.08287882178242563,0.0,0.0248,0.0004,0.0,-0.3421628093489293,-0.42596108516538794,0.0,0.0
productivity_bull_empirical,MKT_1x,40,2500,0.17050350662346558,0.13663765306546577,0.10760261319492541,0.0,0.0536,0.0008,0.0,-0.3646119943059523,-0.4715484812998006,0.0,0.0
productivity_bull_empirical,LETF_1p5_BH,10,2500,0.21914964253417235,0.11253280831441186,0.025389354968661324,0.9428,0.2088,0.01,0.0,-0.4212610887824352,-0.5584000376270716,0.0036,0.0
productivity_bull_empirical,LETF_1p5_BH,20,2500,0.22009213274200767,0.14256225298861008,0.07990085905213319,0.9848,0.382,0.0196,0.0,-0.4808381319650723,-0.6061238755691246,0.0,0.0
productivity_bull_empirical,LETF_1p5_BH,40,2500,0.2179866246736587,0.1635268336245207,0.11901656028997526,0.9996,0.6412,0.0464,0.0,-0.5262021392209371,-0.6584943217082453,0.0,0.0
productivity_bull_empirical,LETF_2x_BH,10,2500,0.2733059546427824,0.12317387463315939,0.0059716487926119825,0.944,0.5532,0.0872,0.0004,-0.5373023505689809,-0.6901507937717348,0.0072,0.0
productivity_bull_empirical,LETF_2x_BH,20,2500,0.2741673800837173,0.16452045188958547,0.07606947472163673,0.9852,0.806,0.1748,0.0016,-0.6001823877434533,-0.7415301516193508,0.0,0.0
productivity_bull_empirical,LETF_2x_BH,40,2500,0.27063183987416617,0.19307513562446524,0.13176547707883526,0.9996,0.9564,0.332,0.0044,-0.6543445304543927,-0.7882071825106932,0.0,0.0
productivity_bull_empirical,LETF_3x_BH,10,2500,0.3605391301101649,0.11173129483912321,-0.06080662769344988,0.912,0.8236,0.5284,0.0532,-0.7236149061509822,-0.8619400848600595,0.0276,0.0004
productivity_bull_empirical,LETF_3x_BH,20,2500,0.35955310374003446,0.18008016043439798,0.039396997620645254,0.966,0.9748,0.7824,0.1148,-0.7848008546167454,-0.9058165806069762,0.0044,0.0
productivity_bull_empirical,LETF_3x_BH,40,2500,0.3542199058156169,0.22557544037779434,0.1269398615246827,0.9952,0.9988,0.946,0.2352,-0.837787233651252,-0.9353571066332416,0.0,0.0
productivity_bull_empirical,LETF_S9_35_12,10,2500,0.2880657132952159,0.12907407887956163,0.01873852642641039,0.932,0.212,0.004,0.0,-0.42618511101755713,-0.5507632149599697,0.0072,0.0
productivity_bull_empirical,LETF_S9_35_12,20,2500,0.28574549190067144,0.17292496718027597,0.08162169347240758,0.9776,0.4032,0.0096,0.0,-0.4782175247762597,-0.5990118864072994,0.0,0.0
productivity_bull_empirical,LETF_S9_35_12,40,2500,0.2873416524948508,0.2067406852792133,0.14415620963532716,0.9984,0.656,0.0292,0.0,-0.5290145858059899,-0.6430324298016775,0.0,0.0
productivity_bull_empirical,LETF_S9_35_0,10,2500,0.2659369118181435,0.10714309387599937,-0.0094311977601825,0.8704,0.2784,0.012,0.0,-0.4395279972919727,-0.5798394916454178,0.014,0.0
productivity_bull_empirical,LETF_S9_35_0,20,2500,0.2634437796349438,0.15316535150208974,0.058090407257258427,0.9436,0.4984,0.026,0.0,-0.49908613711603783,-0.6373739685551494,0.0008,0.0
productivity_bull_empirical,LETF_S9_35_0,40,2500,0.26605905210124803,0.18442340344424685,0.12446815611248857,0.9872,0.754,0.0632,0.0,-0.5546181833437409,-0.6776577478309543,0.0,0.0
productivity_bull_empirical,FUT_VOL25,10,2500,0.2743709755586172,0.14136989810883577,0.04091306802429561,0.9648,0.1584,0.0048,0.0,-0.3965461874736438,-0.5338909839356477,0.0024,0.0
productivity_bull_empirical,FUT_VOL25,20,2500,0.27545864756436167,0.17951483005262509,0.10068069543820202,0.992,0.3216,0.0088,0.0,-0.4560442485277507,-0.5858351415380555,0.0,0.0
productivity_bull_empirical,FUT_VOL25,40,2500,0.2744536350440958,0.20524397802599043,0.15600251323691222,1.0,0.5472,0.0256,0.0,-0.5109192713020381,-0.6316091468442386,0.0,0.0
productivity_bull_empirical,FUT_35_12,10,2500,0.30477062573794345,0.14387859797842578,0.030556239236925197,0.9532,0.192,0.002,0.0,-0.4205772745239704,-0.5427467065548818,0.0052,0.0
productivity_bull_empirical,FUT_35_12,20,2500,0.30308445195566747,0.18817035093784643,0.0938777841535981,0.99,0.3708,0.0072,0.0,-0.4706520872415836,-0.587012103769325,0.0,0.0
productivity_bull_empirical,FUT_35_12,40,2500,0.3047432049749227,0.2220618533492775,0.15802537029873429,0.9992,0.6128,0.0228,0.0,-0.5200723721694733,-0.631741899967126,0.0,0.0
productivity_bull_empirical,FUT_35_0,10,2500,0.2814426613048586,0.11902453855420989,-0.0011999097886047215,0.902,0.2616,0.01,0.0,-0.434363475089455,-0.572457800595228,0.0108,0.0
productivity_bull_empirical,FUT_35_0,20,2500,0.2790837965427577,0.16557308325853032,0.0691023921923084,0.9568,0.4752,0.0216,0.0,-0.49364737725774993,-0.6299233494769996,0.0004,0.0
productivity_bull_empirical,FUT_35_0,40,2500,0.2815555444686775,0.19750743027367484,0.13688586923552531,0.9936,0.7296,0.0536,0.0,-0.548126716401069,-0.6690207297268236,0.0,0.0
productivity_bull_empirical,FUT_40_0,10,2500,0.29645877515498886,0.12342246863788345,-0.006647586113836873,0.912,0.3408,0.0196,0.0,-0.45646008678266514,-0.6031836825121529,0.012,0.0
productivity_bull_empirical,FUT_40_0,20,2500,0.294852119883125,0.17192449910172336,0.07365479066223463,0.964,0.5904,0.0424,0.0,-0.5214230516728391,-0.6563710540232094,0.0004,0.0
productivity_bull_empirical,FUT_40_0,40,2500,0.2972918895633596,0.20688241159627999,0.14057884285214964,0.9956,0.8412,0.094,0.0,-0.5754729120068425,-0.6972503910474386,0.0,0.0
productivity_bull_empirical,FUT_2x_200DMA,10,2500,0.24094270138878104,0.10670279419560609,0.013708392177111133,0.8684,0.1588,0.0028,0.0,-0.37092568526639785,-0.5326909096245418,0.0068,0.0
productivity_bull_empirical,FUT_2x_200DMA,20,2500,0.23958395292955736,0.14733402473094853,0.07329597847965566,0.9364,0.2884,0.0068,0.0,-0.4351220833778349,-0.5661180104748035,0.0,0.0
productivity_bull_empirical,FUT_2x_200DMA,40,2500,0.242102137587075,0.17213543808037304,0.12177490285748126,0.9856,0.4944,0.0132,0.0,-0.4974808686827623,-0.6086608044741194,0.0,0.0
lost_decade_empirical,MKT_1x,10,2500,0.04383928542685289,-0.030268766478111882,-0.08689715810623008,0.0,0.2604,0.0216,0.0004,-0.41369827036090157,-0.5922545905857948,0.2248,0.0004
lost_decade_empirical,MKT_1x,20,2500,0.04392031486836889,-0.00881252205386258,-0.047034054014066344,0.0,0.4904,0.0796,0.0012,-0.4965473286146973,-0.6794664290220337,0.1412,0.0
lost_decade_empirical,MKT_1x,40,2500,0.04377963239429428,0.004635155997062723,-0.025010380300881353,0.0,0.7576,0.1992,0.006,-0.5842864035931226,-0.7600096295103476,0.0764,0.0004
lost_decade_empirical,LETF_1p5_BH,10,2500,0.016084503419901086,-0.09272256724054248,-0.17350935767600031,0.1732,0.7488,0.286,0.0148,-0.6104428482237463,-0.8030544330575744,0.424,0.004
lost_decade_empirical,LETF_1p5_BH,20,2500,0.015369825647657875,-0.06159514469100674,-0.11773881654055413,0.0932,0.946,0.5684,0.0928,-0.7242168986382935,-0.8944903899384283,0.3884,0.014
lost_decade_empirical,LETF_1p5_BH,40,2500,0.015326551008162825,-0.041481180425815736,-0.08407240821705185,0.0296,0.9976,0.8388,0.2684,-0.8316278609828731,-0.9560289088455688,0.354,0.056
lost_decade_empirical,LETF_2x_BH,10,2500,-0.009918077659279823,-0.15026556068291846,-0.2509502929175587,0.1844,0.946,0.6168,0.1204,-0.7473545721542509,-0.9088237616895077,0.5356,0.032
lost_decade_empirical,LETF_2x_BH,20,2500,-0.011203849951630485,-0.1114168895458947,-0.18164219684678345,0.108,0.9988,0.8772,0.3604,-0.8605964773197561,-0.9673936541105647,0.5468,0.1052
lost_decade_empirical,LETF_2x_BH,40,2500,-0.010211983685477655,-0.08447817266440999,-0.14122900570078253,0.0372,1.0,0.9884,0.6852,-0.9423023201535046,-0.993473189597154,0.572,0.2148
lost_decade_empirical,LETF_3x_BH,10,2500,-0.07794280539075915,-0.27323614360528986,-0.399465565924437,0.1512,0.9988,0.9304,0.528,-0.9076742298052884,-0.9848261881619751,0.6792,0.2088
lost_decade_empirical,LETF_3x_BH,20,2500,-0.08032763560103579,-0.22053971473448816,-0.31600983095704194,0.0692,1.0,0.9964,0.836,-0.9738892956813352,-0.9980254642542679,0.7412,0.3964
lost_decade_empirical,LETF_3x_BH,40,2500,-0.08002634042760343,-0.18654617754028285,-0.2631211034680913,0.0176,1.0,1.0,0.9792,-0.9969799665926231,-0.9999488069492825,0.8232,0.6112
lost_decade_empirical,LETF_S9_35_12,10,2500,0.018126199921123187,-0.09244838321414925,-0.15446755979315366,0.352,0.8656,0.2988,0.0024,-0.6304901497628063,-0.793283593938531,0.4192,0.0
lost_decade_empirical,LETF_S9_35_12,20,2500,0.021071012343487627,-0.05715649815561321,-0.12108246662792735,0.2944,0.9896,0.6268,0.0736,-0.7436628502411748,-0.8839599003038109,0.3744,0.0156
lost_decade_empirical,LETF_S9_35_12,40,2500,0.02308750560816908,-0.03670106940934707,-0.08320759020159374,0.2464,1.0,0.8908,0.266,-0.8386546583490435,-0.9489039178097729,0.316,0.0432
lost_decade_empirical,LETF_S9_35_0,10,2500,0.04385825843149116,-0.0559243138187367,-0.11903366043294704,0.5384,0.6456,0.104,0.0,-0.5440274276636785,-0.703646536545463,0.3036,0.0
lost_decade_empirical,LETF_S9_35_0,20,2500,0.04692183233289671,-0.02474394019199598,-0.07879372663176183,0.5384,0.9076,0.3204,0.0068,-0.6431345031077152,-0.8002352999861303,0.2144,0.0008
lost_decade_empirical,LETF_S9_35_0,40,2500,0.04865079860842514,-0.006083751128431358,-0.0441832220457071,0.5784,0.9944,0.6008,0.058,-0.7270349969690187,-0.8733669218247515,0.1264,0.0036
lost_decade_empirical,FUT_VOL25,10,2500,0.006954059184185901,-0.11896035741783818,-0.204975148398685,0.2476,0.8908,0.4312,0.0384,-0.6751766649292917,-0.8561695012612179,0.4732,0.0096
lost_decade_empirical,FUT_VOL25,20,2500,0.005715141560985071,-0.08051667310440594,-0.14757850896504843,0.1708,0.9928,0.7432,0.1936,-0.7960531419083818,-0.9308218129154378,0.4628,0.0456
lost_decade_empirical,FUT_VOL25,40,2500,0.006229439330744269,-0.05935925208870702,-0.10922726584038257,0.086,1.0,0.9536,0.4844,-0.8960281215791215,-0.9786397024378891,0.454,0.1192
lost_decade_empirical,FUT_35_12,10,2500,0.0287386621051402,-0.08462541961131795,-0.14915093048719175,0.422,0.848,0.2628,0.0012,-0.6179718198175164,-0.7798315822601471,0.3844,0.0
lost_decade_empirical,FUT_35_12,20,2500,0.03152718759131945,-0.0483180556684503,-0.1133766778561694,0.3964,0.984,0.5776,0.0556,-0.7274938647325251,-0.8683982615032507,0.3216,0.0108
lost_decade_empirical,FUT_35_12,40,2500,0.03364101618667459,-0.027192113653168905,-0.07498877109340638,0.3804,0.9992,0.8592,0.2128,-0.8174416702578053,-0.9379441156167581,0.2392,0.0252
lost_decade_empirical,FUT_35_0,10,2500,0.051740737423699,-0.05014045206157721,-0.11491029125151275,0.5864,0.6244,0.0916,0.0,-0.5358833206335416,-0.6947837981203395,0.2752,0.0
lost_decade_empirical,FUT_35_0,20,2500,0.05495926324924372,-0.017808661693603366,-0.07332354277404554,0.6096,0.8924,0.2916,0.0048,-0.63157466365671,-0.7876544878596544,0.1792,0.0004
lost_decade_empirical,FUT_35_0,40,2500,0.05697739029021076,0.0006819587164769609,-0.038364741803754036,0.6684,0.9932,0.5548,0.0416,-0.7146008476601697,-0.8608166273206784,0.0968,0.0028
lost_decade_empirical,FUT_40_0,10,2500,0.05013093819437109,-0.05734486745646409,-0.12786072067210308,0.5792,0.7036,0.1344,0.0004,-0.5607877109725672,-0.7203585199882869,0.2916,0.0
lost_decade_empirical,FUT_40_0,20,2500,0.054367597698433356,-0.02327319332518124,-0.08035498490371781,0.5952,0.936,0.3748,0.0144,-0.6622370943198179,-0.8151893301111468,0.1964,0.002
lost_decade_empirical,FUT_40_0,40,2500,0.05564839416791001,-0.0034850620586260204,-0.04533986855627224,0.646,0.9968,0.6616,0.0764,-0.7476105778027071,-0.8866623262125514,0.1144,0.0044
lost_decade_empirical,FUT_2x_200DMA,10,2500,0.05391995175978104,-0.03334890856247817,-0.09735835618116456,0.6144,0.3688,0.0504,0.0,-0.45785494175692154,-0.6364256888726646,0.2304,0.0
lost_decade_empirical,FUT_2x_200DMA,20,2500,0.056815370835810564,-0.007027800365378467,-0.05821803770797425,0.6552,0.668,0.1516,0.002,-0.5519560289424332,-0.7386365374879407,0.1328,0.0
lost_decade_empirical,FUT_2x_200DMA,40,2500,0.05761929302683888,0.009689553807364183,-0.02835715608478819,0.7188,0.904,0.334,0.0128,-0.6452847560493611,-0.8104656527731725,0.0636,0.0
high_rate_low_return,MKT_1x,10,2500,0.09242012925448428,0.012688399000530093,-0.05927187770792637,0.0,0.1672,0.0116,0.0,-0.3746928595307547,-0.5459774982634398,0.0764,0.0
high_rate_low_return,MKT_1x,20,2500,0.09062744917769272,0.03305920463827168,-0.016970459320609164,0.0,0.3324,0.0288,0.0,-0.44504048690577896,-0.6159717405651378,0.0276,0.0
high_rate_low_return,MKT_1x,40,2500,0.09185687250004448,0.05121832182701784,0.017167910850819267,0.0,0.5604,0.0568,0.0,-0.5171152034668824,-0.6657438722598982,0.0004,0.0
high_rate_low_return,LETF_1p5_BH,10,2500,0.0857303620051586,-0.032668198086487424,-0.13602159648799866,0.4304,0.628,0.1656,0.0076,-0.5449458639655802,-0.7434647478216401,0.1764,0.0004
high_rate_low_return,LETF_1p5_BH,20,2500,0.0831444973376706,-0.0028413243016673,-0.07856283753473248,0.3728,0.8768,0.3528,0.026,-0.641916563686135,-0.8255911650544133,0.1048,0.0032
high_rate_low_return,LETF_1p5_BH,40,2500,0.08483805554502133,0.024364824610008485,-0.026372976549964244,0.3488,0.9824,0.5868,0.0608,-0.7285625215174003,-0.8751791782619369,0.0352,0.0004
high_rate_low_return,LETF_2x_BH,10,2500,0.08276139662462367,-0.0771190369274333,-0.21084026575028564,0.4428,0.8788,0.442,0.0532,-0.6782166747685209,-0.8649672314979691,0.26,0.0112
high_rate_low_return,LETF_2x_BH,20,2500,0.07749315248603317,-0.0366560277044985,-0.13371599980564353,0.3904,0.9852,0.7304,0.1676,-0.7807198115372938,-0.9278034452049319,0.1948,0.0192
high_rate_low_return,LETF_2x_BH,40,2500,0.07973090035309927,-0.0007340698148753708,-0.06468357559842226,0.3688,0.9996,0.93,0.3412,-0.8569288760765053,-0.961799889438381,0.1028,0.016
high_rate_low_return,LETF_3x_BH,10,2500,0.05133588449724613,-0.18283674865536645,-0.36348859812730094,0.3836,0.99,0.8496,0.3544,-0.8530370279115779,-0.9701366961643076,0.4008,0.0772
high_rate_low_return,LETF_3x_BH,20,2500,0.04218745015937497,-0.12653352313002286,-0.260287651066355,0.3124,1.0,0.9772,0.6476,-0.9330728652061437,-0.9924803226192078,0.384,0.118
high_rate_low_return,LETF_3x_BH,40,2500,0.04484781713663144,-0.0734421209262669,-0.16423889121581264,0.2556,1.0,0.9996,0.8804,-0.9736801055315893,-0.998533362160423,0.3156,0.134
high_rate_low_return,LETF_S9_35_12,10,2500,0.11282429015238182,-0.018673167739256657,-0.106372644005309,0.6324,0.6316,0.098,0.0,-0.5383846840439237,-0.6990337528707314,0.1488,0.0
high_rate_low_return,LETF_S9_35_12,20,2500,0.11143452550563959,0.0167091544621625,-0.05904418989098835,0.6848,0.8912,0.2556,0.0064,-0.6223747016392259,-0.7731834678667548,0.0684,0.0008
high_rate_low_return,LETF_S9_35_12,40,2500,0.11397803602666712,0.04760317654244128,-0.008284781123969307,0.774,0.9892,0.4792,0.0212,-0.6937870672330068,-0.8302936955470231,0.0148,0.0004
high_rate_low_return,LETF_S9_35_0,10,2500,0.11799154073336071,-0.006517120960160648,-0.08751898705566219,0.6628,0.4712,0.0472,0.0,-0.4927057545448197,-0.6446562017929731,0.1152,0.0
high_rate_low_return,LETF_S9_35_0,20,2500,0.1166961827460794,0.02773171898907565,-0.03762711779336907,0.7168,0.7652,0.1428,0.0004,-0.5717727377481816,-0.7261431968094284,0.0456,0.0
high_rate_low_return,LETF_S9_35_0,40,2500,0.12034980868932321,0.05570061345592077,0.0073088988423739365,0.7888,0.9544,0.3004,0.0044,-0.6421326251220125,-0.782792848987717,0.0068,0.0
high_rate_low_return,FUT_VOL25,10,2500,0.10882748803979514,-0.025492824100046975,-0.13055569423271599,0.6092,0.6844,0.166,0.004,-0.5648215597618835,-0.7515582951353453,0.1468,0.0
high_rate_low_return,FUT_VOL25,20,2500,0.10506600156451251,0.010909450244133567,-0.07103502699611151,0.6416,0.906,0.378,0.0244,-0.6578307449420291,-0.8185254235286826,0.0752,0.0024
high_rate_low_return,FUT_VOL25,40,2500,0.11015949927257485,0.040072396080163,-0.012518916271429857,0.7284,0.9916,0.616,0.0588,-0.7339631562644932,-0.8731846386826041,0.0192,0.0008
high_rate_low_return,FUT_35_12,10,2500,0.1255762613020298,-0.008406443535504647,-0.09946398628407087,0.7044,0.6024,0.0784,0.0,-0.5271934107268177,-0.6855362600152535,0.1204,0.0
high_rate_low_return,FUT_35_12,20,2500,0.12445502905364236,0.02752219773138893,-0.04905492034637347,0.7736,0.8696,0.218,0.0044,-0.6081850619253271,-0.7600450398017156,0.0508,0.0004
high_rate_low_return,FUT_35_12,40,2500,0.12700260525488705,0.05899795252931776,0.0023466004873294805,0.8668,0.9832,0.4172,0.0164,-0.6771353275191176,-0.811628179751342,0.0088,0.0
high_rate_low_return,FUT_35_0,10,2500,0.1282806136769007,0.0014848809484497199,-0.08117726576478713,0.7172,0.4436,0.042,0.0,-0.4861490449176066,-0.6366750364106684,0.0976,0.0
high_rate_low_return,FUT_35_0,20,2500,0.12718693998546138,0.0363614420019472,-0.03185338200724203,0.7804,0.7368,0.1236,0.0,-0.5644964311589431,-0.7145662026121558,0.036,0.0
high_rate_low_return,FUT_35_0,40,2500,0.13087040057025168,0.06425099331598953,0.014681014053427062,0.8608,0.9452,0.2632,0.0028,-0.6312762769038618,-0.7721151983287103,0.0044,0.0
high_rate_low_return,FUT_40_0,10,2500,0.1294412964278504,-0.002108628304525305,-0.08993956837154131,0.7132,0.538,0.0644,0.0004,-0.5102484499377594,-0.6679189643898303,0.1064,0.0
high_rate_low_return,FUT_40_0,20,2500,0.129034088372445,0.03162906985737026,-0.03917927985916563,0.772,0.8256,0.1856,0.0012,-0.5923718923389191,-0.7445234367424651,0.0412,0.0
high_rate_low_return,FUT_40_0,40,2500,0.13229022626669074,0.06184410593425538,0.010303126917359908,0.854,0.9748,0.3656,0.0072,-0.6653160683531908,-0.8000565045031259,0.006,0.0
high_rate_low_return,FUT_2x_200DMA,10,2500,0.11563709448689086,0.004535016951180615,-0.06860045372715498,0.688,0.3156,0.0228,0.0,-0.44395530308648856,-0.6021508599040819,0.0912,0.0
high_rate_low_return,FUT_2x_200DMA,20,2500,0.11451019168098886,0.03577553250028338,-0.02165830292314037,0.7488,0.584,0.0704,0.0012,-0.5235505971052545,-0.6751965389260761,0.0284,0.0
high_rate_low_return,FUT_2x_200DMA,40,2500,0.11878183941980724,0.05994795423626249,0.020657218941799442,0.8096,0.8424,0.1648,0.0024,-0.5927245000962164,-0.7342805162822653,0.0016,0.0
stagflation_stress,MKT_1x,10,2500,0.04869920969937236,-0.02974579447604134,-0.08659395193369052,0.0,0.2832,0.0232,0.0,-0.42424809907364247,-0.6067722093026691,0.2132,0.0
stagflation_stress,MKT_1x,20,2500,0.04934849437678601,-0.005250573625126608,-0.043370869248527386,0.0,0.5492,0.0832,0.0016,-0.515668237513184,-0.6891387518578671,0.124,0.0
stagflation_stress,MKT_1x,40,2500,0.050453573416719744,0.01371259060674317,-0.011462132168559366,0.0,0.8244,0.2036,0.0044,-0.6012687086463591,-0.754691246996967,0.0336,0.0004
stagflation_stress,LETF_1p5_BH,10,2500,0.01586561135038267,-0.09581794101384404,-0.17457784072934632,0.1488,0.808,0.33,0.0156,-0.6289752705270848,-0.8203760476380295,0.4288,0.0028
stagflation_stress,LETF_1p5_BH,20,2500,0.0175830166167652,-0.06182639047121425,-0.11580156433137737,0.0684,0.974,0.6328,0.0996,-0.7479661362863568,-0.8994260075768812,0.392,0.0168
stagflation_stress,LETF_1p5_BH,40,2500,0.019289754399658743,-0.03443356692490303,-0.0702036508859412,0.0128,0.9996,0.9016,0.304,-0.8509579515762822,-0.9520108295734105,0.3284,0.03
stagflation_stress,LETF_2x_BH,10,2500,-0.011046946619522047,-0.1545930732025278,-0.25250784091371364,0.1632,0.9716,0.672,0.1388,-0.7671927926351751,-0.9193766592680389,0.5372,0.0388
stagflation_stress,LETF_2x_BH,20,2500,-0.009682323645011148,-0.11142895194975226,-0.1806713594536379,0.0804,0.9996,0.9196,0.4176,-0.8777289380439445,-0.9697085972220868,0.5604,0.1096
stagflation_stress,LETF_2x_BH,40,2500,-0.007796076963632603,-0.07717130202912703,-0.1230435666712277,0.0188,1.0,0.998,0.7508,-0.9528877806590073,-0.9925529594552679,0.5596,0.1988
stagflation_stress,LETF_3x_BH,10,2500,-0.07942854161574098,-0.2745495369737352,-0.3990321646988721,0.1404,1.0,0.9528,0.5736,-0.9196189061800087,-0.9863735520811597,0.6716,0.214
stagflation_stress,LETF_3x_BH,20,2500,-0.07831358888791906,-0.217991945853415,-0.3083270285727783,0.0632,1.0,0.9996,0.8828,-0.9786905415423464,-0.9980681214521633,0.7476,0.398
stagflation_stress,LETF_3x_BH,40,2500,-0.07469414875349872,-0.17202222343406862,-0.23211771269464296,0.0108,1.0,1.0,0.9908,-0.9974118433896363,-0.999913425300469,0.8276,0.5992
stagflation_stress,LETF_S9_35_12,10,2500,0.02269942559847915,-0.09177206777574043,-0.16023334917505286,0.3488,0.9224,0.3604,0.0044,-0.656306092908179,-0.8085895065963071,0.4164,0.0012
stagflation_stress,LETF_S9_35_12,20,2500,0.02724107908863127,-0.05627907321948892,-0.11648596291167057,0.31,0.9972,0.7096,0.0868,-0.765932135870367,-0.8943439304271537,0.3324,0.0148
stagflation_stress,LETF_S9_35_12,40,2500,0.031815593563153444,-0.026260798788303685,-0.06739115002561799,0.2616,1.0,0.9468,0.2948,-0.851137595906382,-0.9479160016021103,0.2536,0.0212
stagflation_stress,LETF_S9_35_0,10,2500,0.07228090561207712,-0.029991396334292052,-0.09266025603870623,0.6824,0.5332,0.0444,0.0,-0.5079311578059218,-0.6595283466272057,0.1936,0.0
stagflation_stress,LETF_S9_35_0,20,2500,0.07950568071957886,0.0022671054075010365,-0.04731723702271676,0.7536,0.8448,0.1696,0.002,-0.5966776561419841,-0.7354265543000121,0.0912,0.0
stagflation_stress,LETF_S9_35_0,40,2500,0.08230653855467263,0.0289907877267761,-0.013588184089703113,0.8512,0.986,0.3788,0.0112,-0.6714167078205937,-0.8020654736864632,0.0216,0.0
stagflation_stress,FUT_VOL25,10,2500,-0.02690560656427915,-0.15716741191615707,-0.24619087486127547,0.0988,0.9628,0.6632,0.1192,-0.7592747310502778,-0.9095580439685985,0.5964,0.0336
stagflation_stress,FUT_VOL25,20,2500,-0.025794673099358012,-0.11560807917451928,-0.18004720454859097,0.0348,0.9988,0.9208,0.406,-0.8767762663317429,-0.9672531438527965,0.6384,0.1172
stagflation_stress,FUT_VOL25,40,2500,-0.022792113038399175,-0.08332589753420037,-0.12466955775072946,0.0028,1.0,0.9972,0.7624,-0.952907873914166,-0.9928066969109282,0.6796,0.2612
stagflation_stress,FUT_35_12,10,2500,0.03329382038908102,-0.08347684929685811,-0.1533798614630171,0.408,0.908,0.3296,0.0028,-0.6447647256670743,-0.7959878195188738,0.3792,0.0
stagflation_stress,FUT_35_12,20,2500,0.037933784840451845,-0.047043478999436825,-0.10870699590529555,0.4112,0.9936,0.6636,0.0664,-0.7502426756386711,-0.8827827768450517,0.2884,0.01
stagflation_stress,FUT_35_12,40,2500,0.04247771591117855,-0.01662211833864462,-0.058707292081256926,0.3928,1.0,0.9264,0.2364,-0.8352597564543036,-0.9369037636358276,0.1844,0.0112
stagflation_stress,FUT_35_0,10,2500,0.08044137205441815,-0.023984754045134025,-0.08786958904716143,0.7256,0.5024,0.0384,0.0,-0.5006200354767176,-0.6488677865450437,0.172,0.0
stagflation_stress,FUT_35_0,20,2500,0.08766233075636531,0.008580439757209369,-0.042720394190410606,0.812,0.822,0.1424,0.0012,-0.5862621156827625,-0.7236267025412578,0.0724,0.0
stagflation_stress,FUT_35_0,40,2500,0.09035859573210425,0.03598117443264413,-0.007600289375547271,0.906,0.9816,0.3264,0.008,-0.6590952063153592,-0.7899159369253378,0.0144,0.0
stagflation_stress,FUT_40_0,10,2500,0.08337201215148948,-0.02864196662875513,-0.09622755531344926,0.7252,0.6108,0.0656,0.0,-0.5280894868443265,-0.6756059843202996,0.1876,0.0
stagflation_stress,FUT_40_0,20,2500,0.09070540718108644,0.006343580585732124,-0.0500645423957629,0.8132,0.8968,0.214,0.0028,-0.6165639659170628,-0.7518435464052459,0.084,0.0004
stagflation_stress,FUT_40_0,40,2500,0.09275711587009028,0.035197059009989554,-0.010615467826691153,0.91,0.9908,0.454,0.0144,-0.6897881131181567,-0.81573797342505,0.0168,0.0
stagflation_stress,FUT_2x_200DMA,10,2500,0.1020383407677905,0.009474943356818933,-0.0397321504537648,0.8784,0.1044,0.0,0.0,-0.38912090522337994,-0.5014150316061624,0.07,0.0
stagflation_stress,FUT_2x_200DMA,20,2500,0.1058062478408126,0.04095294643196963,-0.00534207403584412,0.9576,0.2588,0.0056,0.0,-0.4440749992687026,-0.5610564815842806,0.0144,0.0
stagflation_stress,FUT_2x_200DMA,40,2500,0.10967737875172234,0.06279204989966121,0.023661957125366583,0.9936,0.494,0.0144,0.0,-0.4987588599133829,-0.6168732255735881,0.0004,0.0
ai_boom_high_vol,MKT_1x,10,2500,0.13171211756040457,0.03912659466148274,-0.033188876584742504,0.0,0.2104,0.0156,0.0,-0.4000229983400938,-0.565378549840814,0.0328,0.0
ai_boom_high_vol,MKT_1x,20,2500,0.1296453979812735,0.06600285583073548,0.015396573739499668,0.0,0.3924,0.0328,0.0,-0.47278165769781716,-0.6302856515451626,0.0044,0.0
ai_boom_high_vol,MKT_1x,40,2500,0.12909959098228796,0.08801565015697174,0.0500665803665039,0.0,0.6636,0.0708,0.0008,-0.5365758650147745,-0.6787386119654331,0.0004,0.0
ai_boom_high_vol,LETF_1p5_BH,10,2500,0.1487868721340987,0.008882164105584135,-0.09810452861669315,0.6716,0.6744,0.1844,0.0056,-0.5657809505153194,-0.7529872937924273,0.086,0.0004
ai_boom_high_vol,LETF_1p5_BH,20,2500,0.14520901057027835,0.04782714808349078,-0.026274391336620493,0.7264,0.9092,0.3604,0.0196,-0.6543173069252775,-0.8204165869616679,0.0264,0.0
ai_boom_high_vol,LETF_1p5_BH,40,2500,0.14427155130133984,0.08103309350910495,0.02500217980711508,0.8056,0.9952,0.6192,0.048,-0.7315599151872804,-0.8667135405067502,0.0012,0.0004
ai_boom_high_vol,LETF_2x_BH,10,2500,0.16482854118808,-0.02396090293230463,-0.15819297131086021,0.6688,0.8996,0.4832,0.0608,-0.6916498838344691,-0.8680204275696869,0.1396,0.0032
ai_boom_high_vol,LETF_2x_BH,20,2500,0.16079378581884685,0.02912589818503746,-0.06569904762154925,0.7164,0.9924,0.7556,0.1464,-0.7835349400192488,-0.9178620979769977,0.0616,0.0032
ai_boom_high_vol,LETF_2x_BH,40,2500,0.15899683710732515,0.07180315602460956,-0.0012668190743964907,0.7928,1.0,0.9516,0.2984,-0.854459365345257,-0.9523361063564643,0.0112,0.0004
ai_boom_high_vol,LETF_3x_BH,10,2500,0.16429870637174815,-0.1215871073335681,-0.3007783933039926,0.5816,0.9964,0.8588,0.3752,-0.8613627810026409,-0.9698191939103755,0.2424,0.0432
ai_boom_high_vol,LETF_3x_BH,20,2500,0.1571453819118852,-0.04554143945467861,-0.1817251917811983,0.5964,1.0,0.9868,0.648,-0.9307293420515189,-0.9898111585566531,0.158,0.0456
ai_boom_high_vol,LETF_3x_BH,40,2500,0.15477148850600098,0.018909702023376235,-0.08370244010133979,0.6268,1.0,1.0,0.9,-0.9682227015885121,-0.9964500509238746,0.0732,0.0256
ai_boom_high_vol,LETF_S9_35_12,10,2500,0.2023796795997589,0.0408513579103355,-0.055915802508656576,0.8116,0.5384,0.0468,0.0,-0.5096411159486864,-0.6480645229503109,0.0452,0.0
ai_boom_high_vol,LETF_S9_35_12,20,2500,0.20174301034452946,0.09066174393875799,0.01333681314024174,0.9116,0.8196,0.1192,0.0004,-0.5750535462958841,-0.7122637456308138,0.0076,0.0
ai_boom_high_vol,LETF_S9_35_12,40,2500,0.20130820404068894,0.12538901088750248,0.06825319258211517,0.9772,0.976,0.2548,0.0016,-0.6424197651655656,-0.7590164493146584,0.0,0.0
ai_boom_high_vol,LETF_S9_35_0,10,2500,0.19335723224716772,0.03581327338159466,-0.05370045662725977,0.7692,0.472,0.0364,0.0,-0.49196892825087873,-0.6353031059787406,0.0472,0.0
ai_boom_high_vol,LETF_S9_35_0,20,2500,0.19432220594058258,0.0855332659160369,0.004197554656493987,0.8668,0.7536,0.094,0.0004,-0.5562491701137682,-0.6938909688117967,0.0092,0.0
ai_boom_high_vol,LETF_S9_35_0,40,2500,0.19281104888898593,0.11994425966814737,0.06724975300430817,0.9516,0.9512,0.2004,0.0024,-0.6222849425099248,-0.7437528541385954,0.0,0.0
ai_boom_high_vol,FUT_VOL25,10,2500,0.19375538089531874,0.043162243166850044,-0.0652811445024214,0.8212,0.5308,0.0792,0.0004,-0.511301361381485,-0.686581389933488,0.04,0.0
ai_boom_high_vol,FUT_VOL25,20,2500,0.1897597503669719,0.08901215509625103,0.010519764494058307,0.916,0.8116,0.178,0.0012,-0.5942604114723283,-0.7410678169298879,0.0068,0.0
ai_boom_high_vol,FUT_VOL25,40,2500,0.18981335170199753,0.12397859156818765,0.06255119893218881,0.978,0.9728,0.3592,0.0048,-0.6632322659745075,-0.7933268851738606,0.0004,0.0
ai_boom_high_vol,FUT_35_12,10,2500,0.2154416059733807,0.05060469097579459,-0.0488908635794949,0.8508,0.5076,0.0408,0.0,-0.5019282471689915,-0.6406426509429727,0.0392,0.0
ai_boom_high_vol,FUT_35_12,20,2500,0.21478937516601793,0.1013971999619663,0.02283306640402407,0.9472,0.794,0.1,0.0004,-0.5668145985908842,-0.699816674806936,0.0068,0.0
ai_boom_high_vol,FUT_35_12,40,2500,0.2145281653742006,0.13727804694006535,0.07950108126029362,0.9888,0.9676,0.2144,0.0008,-0.6316291816285603,-0.747107449991218,0.0,0.0
ai_boom_high_vol,FUT_35_0,10,2500,0.20524800750900252,0.04420717062563857,-0.046943624869723546,0.8044,0.4516,0.034,0.0,-0.4865341854401069,-0.6282767594727715,0.0416,0.0
ai_boom_high_vol,FUT_35_0,20,2500,0.20523099730084982,0.09484434525056844,0.011104258019177627,0.9004,0.7272,0.0832,0.0004,-0.5511278660636983,-0.6869226580964903,0.0068,0.0
ai_boom_high_vol,FUT_35_0,40,2500,0.2039128841920429,0.12982002157719277,0.07548739817623219,0.9748,0.942,0.1824,0.002,-0.6147225641981813,-0.7363851646295804,0.0,0.0
ai_boom_high_vol,FUT_40_0,10,2500,0.21251151179630057,0.0402039563518682,-0.056730354830421346,0.8068,0.566,0.0568,0.0004,-0.5183001464868051,-0.6642373961438808,0.0444,0.0
ai_boom_high_vol,FUT_40_0,20,2500,0.21380032041329744,0.09300332290078066,0.005941663737032759,0.9044,0.8416,0.1388,0.0012,-0.5857794080016582,-0.7229267114007801,0.0084,0.0
ai_boom_high_vol,FUT_40_0,40,2500,0.21164835735159127,0.13208752814677666,0.07241440303922175,0.9764,0.98,0.286,0.0036,-0.6506778201059563,-0.7731264734552712,0.0,0.0
ai_boom_high_vol,FUT_2x_200DMA,10,2500,0.17692223294570886,0.02785299978595115,-0.057033931866188936,0.7444,0.462,0.0492,0.0004,-0.4887444486877788,-0.651792776184995,0.0532,0.0
ai_boom_high_vol,FUT_2x_200DMA,20,2500,0.17544472474704298,0.07263024067429757,-0.003371089251334872,0.8312,0.7372,0.122,0.0012,-0.5664934288426962,-0.7162297940760836,0.0116,0.0
ai_boom_high_vol,FUT_2x_200DMA,40,2500,0.17460626472597385,0.10567269819239278,0.05503938657037812,0.9064,0.9348,0.2448,0.0024,-0.6299756765243615,-0.762011336841498,0.0004,0.0
soft_landing_disinflation,MKT_1x,10,2500,0.09787618161731337,0.02543503009727071,-0.028120185263313866,0.0,0.0544,0.0012,0.0,-0.3150340246159925,-0.4554541434514184,0.0408,0.0
soft_landing_disinflation,MKT_1x,20,2500,0.09697778373720722,0.044870691584827836,0.002878379232109903,0.0,0.1132,0.0064,0.0,-0.373110742336853,-0.5101604299324906,0.0068,0.0
soft_landing_disinflation,MKT_1x,40,2500,0.09821643676640479,0.057607970995340006,0.025035998104060195,0.0,0.2312,0.0116,0.0,-0.42867912014221327,-0.5691491767361483,0.0008,0.0
soft_landing_disinflation,LETF_1p5_BH,10,2500,0.11641020877669839,0.006282636936161535,-0.0757213077600974,0.7388,0.3724,0.044,0.0004,-0.4568876534586397,-0.6366835253906623,0.088,0.0004
soft_landing_disinflation,LETF_1p5_BH,20,2500,0.11477075516765989,0.03544975300239468,-0.02697469826057722,0.7976,0.6088,0.1024,0.0028,-0.5338190152126591,-0.7021098435151651,0.0288,0.0
soft_landing_disinflation,LETF_1p5_BH,40,2500,0.11676489334152085,0.054187891468655255,0.00663563027989684,0.8684,0.8468,0.218,0.0056,-0.6073379952922877,-0.7608964827516952,0.006,0.0
soft_landing_disinflation,LETF_2x_BH,10,2500,0.13950417266318826,-0.010592465141800731,-0.11867417793424322,0.7568,0.6876,0.1988,0.008,-0.5708124827810559,-0.7617421421758056,0.1164,0.0004
soft_landing_disinflation,LETF_2x_BH,20,2500,0.1369864162274994,0.029728030042518137,-0.05377866408205599,0.8228,0.9032,0.3732,0.026,-0.6562747459411862,-0.8196362715930292,0.05,0.0016
soft_landing_disinflation,LETF_2x_BH,40,2500,0.13997901689474113,0.05455050297751771,-0.008808738439589356,0.8884,0.9876,0.6088,0.0628,-0.7319499347605701,-0.8747257000848808,0.0144,0.0008
soft_landing_disinflation,LETF_3x_BH,10,2500,0.16934636078249365,-0.05803795985570107,-0.21638581975430055,0.722,0.9424,0.6244,0.1164,-0.7446451805217571,-0.9090578795681673,0.1668,0.012
soft_landing_disinflation,LETF_3x_BH,20,2500,0.16414128305436781,0.0017798765522332846,-0.1200699627996514,0.77,0.9964,0.8652,0.2532,-0.8287764463828612,-0.9484180576453269,0.098,0.0136
soft_landing_disinflation,LETF_3x_BH,40,2500,0.16818555008137082,0.03778015026212744,-0.056041788276973016,0.8432,1.0,0.9768,0.4572,-0.8909429791975348,-0.9740161113405207,0.0412,0.0104
soft_landing_disinflation,LETF_S9_35_12,10,2500,0.17811290910609956,0.03690084199466821,-0.06047752722334329,0.8792,0.3688,0.0256,0.0,-0.46703829194919705,-0.6165917464117149,0.0512,0.0
soft_landing_disinflation,LETF_S9_35_12,20,2500,0.1749760492494029,0.0721008005416854,-0.0023948362161192137,0.9468,0.6372,0.0704,0.0,-0.536184032369088,-0.6797136953011881,0.0108,0.0
soft_landing_disinflation,LETF_S9_35_12,40,2500,0.1810943350006532,0.09712107592392796,0.04075927746620421,0.988,0.8716,0.148,0.0004,-0.596472565179069,-0.7320123737587078,0.0,0.0
soft_landing_disinflation,LETF_S9_35_0,10,2500,0.16583055124582124,0.03170904823032019,-0.04289865163056001,0.8356,0.2844,0.0144,0.0,-0.44225180109267737,-0.5854839069767184,0.0472,0.0
soft_landing_disinflation,LETF_S9_35_0,20,2500,0.16628623898238615,0.06635044931938121,0.0041654843262665985,0.9228,0.5444,0.0484,0.0,-0.5118579989949705,-0.6510593427430995,0.0084,0.0
soft_landing_disinflation,LETF_S9_35_0,40,2500,0.1704469120993204,0.09353321131047307,0.03675925954697068,0.9748,0.7996,0.1064,0.0,-0.5739681285774648,-0.7057543149601546,0.0004,0.0
soft_landing_disinflation,FUT_VOL25,10,2500,0.1822827740652846,0.04233558167123091,-0.0686617983657171,0.9104,0.4644,0.0684,0.0004,-0.48948913464141713,-0.6679987129698467,0.0492,0.0004
soft_landing_disinflation,FUT_VOL25,20,2500,0.18174379178173616,0.07617667263885938,-0.0025692076552349596,0.964,0.7216,0.148,0.002,-0.5688947293670799,-0.7328598402880595,0.0104,0.0
soft_landing_disinflation,FUT_VOL25,40,2500,0.18488943144696368,0.10066572602807389,0.04607969883162724,0.9952,0.9244,0.2876,0.006,-0.6344298775665245,-0.7817045512882554,0.0004,0.0
soft_landing_disinflation,FUT_35_12,10,2500,0.19341911121121425,0.04888163580875522,-0.051241353784175186,0.9128,0.3372,0.0212,0.0,-0.4580317101207114,-0.604346291779144,0.0372,0.0
soft_landing_disinflation,FUT_35_12,20,2500,0.1902955823713336,0.08459323769091058,0.008294957178274387,0.9708,0.5928,0.0568,0.0,-0.5238725157680658,-0.663934686006541,0.0068,0.0
soft_landing_disinflation,FUT_35_12,40,2500,0.19645365699143758,0.11063618786779465,0.052683460937252236,0.996,0.8376,0.12,0.0,-0.5832212850923522,-0.7148534850322055,0.0,0.0
soft_landing_disinflation,FUT_35_0,10,2500,0.17859318479861885,0.04005826483314647,-0.036176783823241146,0.868,0.266,0.0116,0.0,-0.4370830086756627,-0.5786134072440519,0.0384,0.0
soft_landing_disinflation,FUT_35_0,20,2500,0.17882763556746673,0.0758784480817081,0.012481491260762428,0.9452,0.5156,0.0404,0.0,-0.5045854201315265,-0.6413994680824177,0.0052,0.0
soft_landing_disinflation,FUT_35_0,40,2500,0.18290606731468217,0.10405366418184733,0.04575982119946628,0.988,0.7688,0.0908,0.0,-0.5652472446256324,-0.6916231648469723,0.0,0.0
soft_landing_disinflation,FUT_40_0,10,2500,0.1802065987544852,0.037915030078483916,-0.043346648507775046,0.868,0.3408,0.0196,0.0,-0.45786016892541814,-0.6046391638797465,0.0444,0.0
soft_landing_disinflation,FUT_40_0,20,2500,0.18144176757753172,0.07500495892712475,0.006340733074803169,0.9412,0.6176,0.06,0.0,-0.528977072737649,-0.6662730278414785,0.0072,0.0
soft_landing_disinflation,FUT_40_0,40,2500,0.18620649584245652,0.10265724763756641,0.04234501379267631,0.9844,0.8504,0.1348,0.0,-0.5898268442431827,-0.7192253783849535,0.0004,0.0
soft_landing_disinflation,FUT_2x_200DMA,10,2500,0.13698993640622537,0.028825951809442342,-0.04046673284008745,0.7992,0.1604,0.0064,0.0,-0.3861590531197006,-0.5410643078061439,0.0468,0.0
soft_landing_disinflation,FUT_2x_200DMA,20,2500,0.1378835980701052,0.05620674222128008,0.005917574231572375,0.8708,0.338,0.0184,0.0,-0.454132833233078,-0.5980172623238171,0.0076,0.0
soft_landing_disinflation,FUT_2x_200DMA,40,2500,0.14254588803205404,0.0800192298119647,0.032021898265980474,0.9476,0.57,0.0436,0.0,-0.5172455881773965,-0.6489129479099458,0.0008,0.0
combined_hostile,MKT_1x,10,2500,-0.03075259830663235,-0.13327510673415746,-0.20902099206221328,0.0,0.8664,0.4448,0.046,-0.6786680981424749,-0.8609799668541785,0.6312,0.012
combined_hostile,MKT_1x,20,2500,-0.031737609181717696,-0.09980188412646165,-0.15977303906303802,0.0,0.9912,0.7892,0.2548,-0.8218613193652621,-0.9421659505851112,0.6988,0.0716
combined_hostile,MKT_1x,40,2500,-0.03049728783930522,-0.07923631544617138,-0.11408016657016395,0.0,1.0,0.9744,0.626,-0.9290097828063122,-0.9852654328414164,0.77,0.246
combined_hostile,LETF_1p5_BH,10,2500,-0.10636915849993495,-0.24731362861175565,-0.34535169727622217,0.0416,0.992,0.8688,0.406,-0.8752491424645852,-0.9699081594180241,0.7964,0.1832
combined_hostile,LETF_1p5_BH,20,2500,-0.10688493558453144,-0.2011861737767759,-0.2814904957380156,0.0064,1.0,0.9912,0.81,-0.9668849059687346,-0.9952087753882853,0.8888,0.4916
combined_hostile,LETF_1p5_BH,40,2500,-0.10570338060153361,-0.17418870775675666,-0.22121891432481397,0.0,1.0,1.0,0.9876,-0.9970132040314275,-0.9998129125282104,0.97,0.8024
combined_hostile,LETF_2x_BH,10,2500,-0.183563483898585,-0.3540526274038493,-0.46762395892129666,0.0336,1.0,0.9772,0.7412,-0.9569888264278922,-0.9943307567466829,0.858,0.444
combined_hostile,LETF_2x_BH,20,2500,-0.1835181685851724,-0.29899940799076735,-0.3948970832850867,0.0044,1.0,1.0,0.9704,-0.9953627890801641,-0.9997036150773903,0.9508,0.7528
combined_hostile,LETF_2x_BH,40,2500,-0.1821571397945706,-0.2665193501536377,-0.32607891215181,0.0,1.0,1.0,1.0,-0.999925917577374,-0.9999985551977221,0.994,0.9628
combined_hostile,LETF_3x_BH,10,2500,-0.35614294809928965,-0.5562109504282717,-0.6765275356508881,0.0204,1.0,1.0,0.9676,-0.9969638153989029,-0.9998922459781635,0.9368,0.766
combined_hostile,LETF_3x_BH,20,2500,-0.35676060987608854,-0.4958956329170521,-0.6008354004325177,0.0012,1.0,1.0,1.0,-0.9999675911930814,-0.9999996990413889,0.9876,0.9556
combined_hostile,LETF_3x_BH,40,2500,-0.3558932225980129,-0.4584774759258228,-0.5298032419216696,0.0,1.0,1.0,1.0,-0.9999999958622627,-0.9999999999940475,0.9996,0.9996
combined_hostile,LETF_S9_35_12,10,2500,-0.053790946093762226,-0.15374625522431853,-0.2244660978994408,0.3908,0.9768,0.6348,0.058,-0.7436914146306622,-0.878917566204893,0.7116,0.0208
combined_hostile,LETF_S9_35_12,20,2500,-0.05280343579939406,-0.11961238538030605,-0.1739744335481335,0.3456,0.9996,0.934,0.412,-0.8787897076909653,-0.9616802369076661,0.7832,0.1412
combined_hostile,LETF_S9_35_12,40,2500,-0.05011589631845603,-0.0987955085009501,-0.13647703453037124,0.2796,1.0,0.9976,0.8452,-0.9658546253802784,-0.9933532122261055,0.8756,0.4404
combined_hostile,LETF_S9_35_0,10,2500,-0.018479286675014084,-0.11368043022900419,-0.18193596792056715,0.576,0.852,0.3548,0.0112,-0.6449533949758397,-0.8139660976735874,0.5788,0.0036
combined_hostile,LETF_S9_35_0,20,2500,-0.01456403796021527,-0.082272131906758,-0.13782619064739973,0.6288,0.9876,0.7256,0.1424,-0.7749374138694609,-0.9133563900250081,0.5972,0.0364
combined_hostile,LETF_S9_35_0,40,2500,-0.013991619758497553,-0.06227497282137858,-0.09681554726323936,0.6564,1.0,0.952,0.464,-0.890945009946201,-0.9739140789900632,0.6248,0.1344
combined_hostile,FUT_VOL25,10,2500,-0.07056485340814977,-0.1861344053885291,-0.2802914065339168,0.2256,0.968,0.7188,0.1684,-0.7932657549989456,-0.9239722505388678,0.7468,0.0668
combined_hostile,FUT_VOL25,20,2500,-0.06902493147120842,-0.15305846222734548,-0.21167499717106153,0.1292,0.9992,0.9632,0.576,-0.9169774087538637,-0.9819325771847653,0.8536,0.2668
combined_hostile,FUT_VOL25,40,2500,-0.07053399400438498,-0.12284862380985713,-0.16833723363059516,0.0512,1.0,0.9992,0.9268,-0.9843007783151527,-0.9979751614758285,0.9432,0.6392
combined_hostile,FUT_35_12,10,2500,-0.04732835852598627,-0.14860268207088537,-0.22091277398843742,0.434,0.9712,0.6108,0.0492,-0.7337943385204033,-0.8736052512056282,0.6804,0.016
combined_hostile,FUT_35_12,20,2500,-0.046374967645909815,-0.11376551391135713,-0.1692605966218307,0.3984,0.9996,0.9172,0.3732,-0.8687921235844369,-0.9576576243355222,0.7552,0.1188
combined_hostile,FUT_35_12,40,2500,-0.043338846928831276,-0.09283998080006231,-0.13093056265761904,0.3576,1.0,0.996,0.8112,-0.9589266147514195,-0.9919362602728091,0.8428,0.3812
combined_hostile,FUT_35_0,10,2500,-0.013858703025125818,-0.11045397392704626,-0.18027013774957956,0.5984,0.844,0.3456,0.0108,-0.6396571824782413,-0.8104336626475259,0.5584,0.0024
combined_hostile,FUT_35_0,20,2500,-0.009880781001679828,-0.07854303314546933,-0.13433963541573096,0.6556,0.9864,0.7068,0.128,-0.7676905299817885,-0.9094289616295828,0.568,0.0324
combined_hostile,FUT_35_0,40,2500,-0.009237119651605452,-0.05821368896674438,-0.09360353914335513,0.6988,1.0,0.9432,0.4296,-0.8822232824557107,-0.9707742971439175,0.5804,0.112
combined_hostile,FUT_40_0,10,2500,-0.02449235779203146,-0.12628901584614752,-0.1985812501868373,0.552,0.9152,0.4644,0.0256,-0.6852773090552439,-0.8444367355910555,0.5956,0.0088
combined_hostile,FUT_40_0,20,2500,-0.01980258977521049,-0.0935024747050342,-0.1508418365255257,0.5972,0.998,0.8172,0.2184,-0.8171275294401503,-0.9363549869963388,0.618,0.0596
combined_hostile,FUT_40_0,40,2500,-0.01853751709896323,-0.0723973245116679,-0.10963884292668749,0.6156,1.0,0.9764,0.5828,-0.9191239544980017,-0.9835727331388644,0.6584,0.19
combined_hostile,FUT_2x_200DMA,10,2500,-0.014092244350388805,-0.12193285809447671,-0.19794308784040127,0.6156,0.9044,0.4468,0.026,-0.681139527126475,-0.8443035158710683,0.5596,0.0088
combined_hostile,FUT_2x_200DMA,20,2500,-0.006857523596409787,-0.08739032035047842,-0.15207694331550345,0.6608,0.9948,0.7916,0.1948,-0.80827027004055,-0.930147398629796,0.5404,0.0448
combined_hostile,FUT_2x_200DMA,40,2500,-0.006403389180304198,-0.06414690863412717,-0.10330731229860467,0.724,1.0,0.9716,0.5268,-0.9064218694964592,-0.9798997998499859,0.5548,0.138
sequence_shock_first5y,MKT_1x,10,2500,0.02976105589049749,-0.06175883382134848,-0.13541433567269684,0.0,0.6476,0.1864,0.0024,-0.5586249299809407,-0.7531329859853828,0.3496,0.0004
sequence_shock_first5y,MKT_1x,20,2500,0.057897347124962195,-0.0059904242939904035,-0.05807070586835816,0.0,0.7456,0.2288,0.0032,-0.5920124139768035,-0.7737942451551487,0.1256,0.0004
sequence_shock_first5y,MKT_1x,40,2500,0.07018779388855767,0.029520725527964697,-0.0035568031929060187,0.0,0.8712,0.298,0.0044,-0.6297087215667645,-0.7894537845349365,0.014,0.0
sequence_shock_first5y,LETF_1p5_BH,10,2500,0.0007255871510934986,-0.13348061607998377,-0.23614736186104662,0.2216,0.9396,0.6156,0.11,-0.7495345599449703,-0.9038918216699068,0.4988,0.0208
sequence_shock_first5y,LETF_1p5_BH,20,2500,0.043563139527947325,-0.05001684636340412,-0.12550697519435927,0.2972,0.9876,0.7228,0.1592,-0.7862794582809753,-0.9233712485719708,0.292,0.02
sequence_shock_first5y,LETF_1p5_BH,40,2500,0.06322843340453599,0.002219103010163415,-0.047702947468637534,0.3412,0.9976,0.8636,0.222,-0.8264891193949746,-0.9380803898125095,0.0932,0.006
sequence_shock_first5y,LETF_2x_BH,10,2500,-0.030760795696852583,-0.2012355090047377,-0.32864923378951766,0.2136,0.992,0.8664,0.384,-0.864776796124465,-0.9658238294615071,0.5788,0.0928
sequence_shock_first5y,LETF_2x_BH,20,2500,0.027738230253826823,-0.09553678183040723,-0.19291171373669788,0.2896,0.9996,0.9424,0.4788,-0.8950629576995768,-0.9771810381739936,0.4044,0.0792
sequence_shock_first5y,LETF_2x_BH,40,2500,0.05538170211287341,-0.02683881801986666,-0.09203591243734306,0.336,1.0,0.9864,0.6216,-0.9254607618531558,-0.984091790788856,0.1968,0.0416
sequence_shock_first5y,LETF_3x_BH,10,2500,-0.12512542614985467,-0.3502157580381282,-0.5035163724865317,0.1488,0.9992,0.988,0.8036,-0.9692235015996229,-0.9969618214553417,0.712,0.3396
sequence_shock_first5y,LETF_3x_BH,20,2500,-0.03722950345542442,-0.21138023063145098,-0.3431232862491271,0.2004,1.0,0.9992,0.9024,-0.9822630598583852,-0.998965758828348,0.588,0.3172
sequence_shock_first5y,LETF_3x_BH,40,2500,0.00908415852426292,-0.1109811612475119,-0.20141479311909816,0.1944,1.0,1.0,0.9744,-0.9915440999417753,-0.9996364986461549,0.468,0.2504
sequence_shock_first5y,LETF_S9_35_12,10,2500,0.04476203062550932,-0.07313720851120376,-0.14288291457114274,0.6288,0.8588,0.2616,0.0016,-0.6244701143784319,-0.7700101919190421,0.3196,0.0004
sequence_shock_first5y,LETF_S9_35_12,20,2500,0.08543829122651914,-0.0043112517887359475,-0.06860643313317231,0.734,0.9616,0.3952,0.0096,-0.6713412169364099,-0.8085918161436422,0.112,0.0008
sequence_shock_first5y,LETF_S9_35_12,40,2500,0.10714789281875425,0.04071390428524895,-0.0033876344382427932,0.8736,0.9984,0.5908,0.024,-0.7212826740127021,-0.8436344023965993,0.016,0.0004
sequence_shock_first5y,LETF_S9_35_0,10,2500,0.05778861853028838,-0.05356845144501545,-0.1227639006714038,0.6664,0.6636,0.1208,0.0004,-0.5520261004742343,-0.7131927376506216,0.262,0.0004
sequence_shock_first5y,LETF_S9_35_0,20,2500,0.0916105507467242,0.006215075122629755,-0.04831023523985359,0.7632,0.8672,0.2384,0.0024,-0.6136404264688371,-0.7645606348814041,0.08,0.0
sequence_shock_first5y,LETF_S9_35_0,40,2500,0.1081022002681089,0.046175551459585386,0.0004012876318300532,0.8568,0.9864,0.4124,0.0104,-0.6792862644766868,-0.8016132394606376,0.01,0.0
sequence_shock_first5y,FUT_VOL25,10,2500,0.02985043430700829,-0.09107088565366515,-0.17522366453762508,0.5228,0.8792,0.4112,0.0208,-0.6671806936076958,-0.8366572459097497,0.3768,0.0044
sequence_shock_first5y,FUT_VOL25,20,2500,0.07553756104952736,-0.016826762561383445,-0.08267686068895616,0.6724,0.9684,0.5376,0.0428,-0.7130170741237665,-0.8610926571109156,0.1592,0.0032
sequence_shock_first5y,FUT_VOL25,40,2500,0.09668328055892683,0.03295405328788472,-0.01683540345955595,0.8156,0.998,0.7232,0.0712,-0.7659494567136604,-0.8858604519404175,0.0224,0.0008
sequence_shock_first5y,FUT_35_12,10,2500,0.053779185833535026,-0.06584732183180668,-0.1366482668328846,0.6776,0.846,0.2384,0.0012,-0.6144097681002689,-0.7608251583682758,0.2884,0.0004
sequence_shock_first5y,FUT_35_12,20,2500,0.09588682558596529,0.004841531536439736,-0.06140759091266406,0.8112,0.9536,0.3556,0.0068,-0.6589062062260371,-0.7986829001992153,0.088,0.0004
sequence_shock_first5y,FUT_35_12,40,2500,0.1185065517798749,0.05091466204703872,0.005250817536971756,0.9304,0.9964,0.5372,0.0144,-0.7088347222954673,-0.8297802713314519,0.0068,0.0
sequence_shock_first5y,FUT_35_0,10,2500,0.06503980419155309,-0.048545578661515085,-0.11884856796157088,0.7,0.6504,0.1144,0.0004,-0.5465725796107106,-0.7067638009511092,0.2396,0.0004
sequence_shock_first5y,FUT_35_0,20,2500,0.10019964798964864,0.012731758549569629,-0.04291150256841189,0.8076,0.8548,0.2216,0.0016,-0.6075828369693332,-0.7567552451587254,0.0656,0.0
sequence_shock_first5y,FUT_35_0,40,2500,0.11717717172107045,0.05402668140268339,0.007177280288683224,0.9056,0.9816,0.382,0.0092,-0.6709530755551332,-0.7922180057498551,0.006,0.0
sequence_shock_first5y,FUT_40_0,10,2500,0.06321876499689283,-0.05747021630428294,-0.13190023745614798,0.6844,0.7616,0.186,0.0008,-0.5839300534513774,-0.7467576353933977,0.2604,0.0004
sequence_shock_first5y,FUT_40_0,20,2500,0.10156845010026438,0.007610486710942336,-0.05177377799478187,0.8012,0.9264,0.3216,0.0044,-0.643854938613057,-0.7907275452524428,0.0796,0.0
sequence_shock_first5y,FUT_40_0,40,2500,0.119428493110739,0.051016821673944945,0.0009049287685942854,0.9036,0.9952,0.5144,0.0156,-0.7030379276789662,-0.824098111585292,0.01,0.0
sequence_shock_first5y,FUT_2x_200DMA,10,2500,0.05390427388535346,-0.0570962623634381,-0.1328886595120234,0.6576,0.724,0.1828,0.0028,-0.5766613795165334,-0.747129938797445,0.2744,0.0
sequence_shock_first5y,FUT_2x_200DMA,20,2500,0.08718262043888514,0.0014021642338592388,-0.05277111704534331,0.756,0.858,0.2696,0.0052,-0.6212384031560904,-0.7870968058270873,0.0924,0.0
sequence_shock_first5y,FUT_2x_200DMA,40,2500,0.1019108989955817,0.04125427377316511,-0.002859205921347586,0.8344,0.9708,0.4068,0.0124,-0.6757613989644726,-0.8163937595620673,0.0128,0.0
